number,value,datetime_start,datetime_complete,duration,params_colsample_bytree,params_learning_rate,params_max_depth,params_min_child_weight,params_subsample,system_attrs_grid_id,system_attrs_search_space,state
0,0.732927925050257,2025-01-09 18:15:53.897108,2025-01-09 18:15:59.953943,0 days 00:00:06.056835,0.8,0.1,3,1,1.0,0,"{'colsample_bytree': [0.6, 0.8, 1.0], 'learning_rate': [0.01, 0.1, 0.3], 'max_depth': [3, 5, 7], 'min_child_weight': [1, 3, 5], 'subsample': [0.6, 0.8, 1.0]}",COMPLETE
1,0.7441927337853208,2025-01-09 18:15:59.954355,2025-01-09 18:16:11.076113,0 days 00:00:11.121758,0.8,0.3,5,5,0.6,1,"{'colsample_bytree': [0.6, 0.8, 1.0], 'learning_rate': [0.01, 0.1, 0.3], 'max_depth': [3, 5, 7], 'min_child_weight': [1, 3, 5], 'subsample': [0.6, 0.8, 1.0]}",COMPLETE
2,0.7481110441264263,2025-01-09 18:16:11.076482,2025-01-09 18:16:22.559465,0 days 00:00:11.482983,0.6,0.1,5,1,0.8,2,"{'colsample_bytree': [0.6, 0.8, 1.0], 'learning_rate': [0.01, 0.1, 0.3], 'max_depth': [3, 5, 7], 'min_child_weight': [1, 3, 5], 'subsample': [0.6, 0.8, 1.0]}",COMPLETE
3,0.7451724643502369,2025-01-09 18:16:22.559724,2025-01-09 18:16:39.575671,0 days 00:00:17.015947,0.6,0.3,7,3,0.6,3,"{'colsample_bytree': [0.6, 0.8, 1.0], 'learning_rate': [0.01, 0.1, 0.3], 'max_depth': [3, 5, 7], 'min_child_weight': [1, 3, 5], 'subsample': [0.6, 0.8, 1.0]}",COMPLETE
4,0.7351671308680847,2025-01-09 18:16:39.576797,2025-01-09 18:16:45.227532,0 days 00:00:05.650735,0.8,0.1,3,1,0.8,4,"{'colsample_bytree': [0.6, 0.8, 1.0], 'learning_rate': [0.01, 0.1, 0.3], 'max_depth': [3, 5, 7], 'min_child_weight': [1, 3, 5], 'subsample': [0.6, 0.8, 1.0]}",COMPLETE
5,0.7504200820900985,2025-01-09 18:16:45.227824,2025-01-09 18:16:55.410551,0 days 00:00:10.182727,0.6,0.3,5,5,1.0,5,"{'colsample_bytree': [0.6, 0.8, 1.0], 'learning_rate': [0.01, 0.1, 0.3], 'max_depth': [3, 5, 7], 'min_child_weight': [1, 3, 5], 'subsample': [0.6, 0.8, 1.0]}",COMPLETE
6,0.745103121739239,2025-01-09 18:16:55.410821,2025-01-09 18:17:07.936193,0 days 00:00:12.525372,0.8,0.1,5,3,1.0,6,"{'colsample_bytree': [0.6, 0.8, 1.0], 'learning_rate': [0.01, 0.1, 0.3], 'max_depth': [3, 5, 7], 'min_child_weight': [1, 3, 5], 'subsample': [0.6, 0.8, 1.0]}",COMPLETE
7,0.749090529923919,2025-01-09 18:17:07.936479,2025-01-09 18:17:28.615895,0 days 00:00:20.679416,0.6,0.3,7,1,0.8,7,"{'colsample_bytree': [0.6, 0.8, 1.0], 'learning_rate': [0.01, 0.1, 0.3], 'max_depth': [3, 5, 7], 'min_child_weight': [1, 3, 5], 'subsample': [0.6, 0.8, 1.0]}",COMPLETE
8,0.7515391832257948,2025-01-09 18:17:28.616162,2025-01-09 18:17:51.652671,0 days 00:00:23.036509,0.8,0.3,7,1,0.8,8,"{'colsample_bytree': [0.6, 0.8, 1.0], 'learning_rate': [0.01, 0.1, 0.3], 'max_depth': [3, 5, 7], 'min_child_weight': [1, 3, 5], 'subsample': [0.6, 0.8, 1.0]}",COMPLETE
9,0.746292397695172,2025-01-09 18:17:51.653087,2025-01-09 18:18:16.397243,0 days 00:00:24.744156,1.0,0.3,7,1,0.6,9,"{'colsample_bytree': [0.6, 0.8, 1.0], 'learning_rate': [0.01, 0.1, 0.3], 'max_depth': [3, 5, 7], 'min_child_weight': [1, 3, 5], 'subsample': [0.6, 0.8, 1.0]}",COMPLETE
10,0.7525891130876896,2025-01-09 18:18:16.397820,2025-01-09 18:18:22.382480,0 days 00:00:05.984660,1.0,0.3,3,5,0.8,10,"{'colsample_bytree': [0.6, 0.8, 1.0], 'learning_rate': [0.01, 0.1, 0.3], 'max_depth': [3, 5, 7], 'min_child_weight': [1, 3, 5], 'subsample': [0.6, 0.8, 1.0]}",COMPLETE
11,0.7057799134551346,2025-01-09 18:18:22.382716,2025-01-09 18:18:53.194066,0 days 00:00:30.811350,1.0,0.01,7,1,0.6,11,"{'colsample_bytree': [0.6, 0.8, 1.0], 'learning_rate': [0.01, 0.1, 0.3], 'max_depth': [3, 5, 7], 'min_child_weight': [1, 3, 5], 'subsample': [0.6, 0.8, 1.0]}",COMPLETE
12,0.7472009988469006,2025-01-09 18:18:53.194300,2025-01-09 18:19:12.492383,0 days 00:00:19.298083,0.8,0.3,7,3,0.8,12,"{'colsample_bytree': [0.6, 0.8, 1.0], 'learning_rate': [0.01, 0.1, 0.3], 'max_depth': [3, 5, 7], 'min_child_weight': [1, 3, 5], 'subsample': [0.6, 0.8, 1.0]}",COMPLETE
13,0.7465715794180948,2025-01-09 18:19:12.492621,2025-01-09 18:19:31.195275,0 days 00:00:18.702654,0.8,0.3,7,3,0.6,13,"{'colsample_bytree': [0.6, 0.8, 1.0], 'learning_rate': [0.01, 0.1, 0.3], 'max_depth': [3, 5, 7], 'min_child_weight': [1, 3, 5], 'subsample': [0.6, 0.8, 1.0]}",COMPLETE
14,0.697243845384335,2025-01-09 18:19:31.195548,2025-01-09 18:20:00.052060,0 days 00:00:28.856512,1.0,0.01,7,5,1.0,14,"{'colsample_bytree': [0.6, 0.8, 1.0], 'learning_rate': [0.01, 0.1, 0.3], 'max_depth': [3, 5, 7], 'min_child_weight': [1, 3, 5], 'subsample': [0.6, 0.8, 1.0]}",COMPLETE
15,0.7480410651201281,2025-01-09 18:20:00.053273,2025-01-09 18:20:05.657283,0 days 00:00:05.604010,0.8,0.3,3,1,0.6,15,"{'colsample_bytree': [0.6, 0.8, 1.0], 'learning_rate': [0.01, 0.1, 0.3], 'max_depth': [3, 5, 7], 'min_child_weight': [1, 3, 5], 'subsample': [0.6, 0.8, 1.0]}",COMPLETE
16,0.7053601128475728,2025-01-09 18:20:05.657528,2025-01-09 18:20:32.501010,0 days 00:00:26.843482,1.0,0.01,7,5,0.8,16,"{'colsample_bytree': [0.6, 0.8, 1.0], 'learning_rate': [0.01, 0.1, 0.3], 'max_depth': [3, 5, 7], 'min_child_weight': [1, 3, 5], 'subsample': [0.6, 0.8, 1.0]}",COMPLETE
17,0.7475511875992991,2025-01-09 18:20:32.501868,2025-01-09 18:20:57.439090,0 days 00:00:24.937222,0.8,0.1,7,3,0.8,17,"{'colsample_bytree': [0.6, 0.8, 1.0], 'learning_rate': [0.01, 0.1, 0.3], 'max_depth': [3, 5, 7], 'min_child_weight': [1, 3, 5], 'subsample': [0.6, 0.8, 1.0]}",COMPLETE
18,0.7515396972373836,2025-01-09 18:20:57.439355,2025-01-09 18:21:03.363147,0 days 00:00:05.923792,1.0,0.3,3,5,1.0,18,"{'colsample_bytree': [0.6, 0.8, 1.0], 'learning_rate': [0.01, 0.1, 0.3], 'max_depth': [3, 5, 7], 'min_child_weight': [1, 3, 5], 'subsample': [0.6, 0.8, 1.0]}",COMPLETE
19,0.6647772579733601,2025-01-09 18:21:03.363383,2025-01-09 18:21:08.166763,0 days 00:00:04.803380,0.6,0.01,3,5,1.0,19,"{'colsample_bytree': [0.6, 0.8, 1.0], 'learning_rate': [0.01, 0.1, 0.3], 'max_depth': [3, 5, 7], 'min_child_weight': [1, 3, 5], 'subsample': [0.6, 0.8, 1.0]}",COMPLETE
20,0.7442627617451036,2025-01-09 18:21:08.166998,2025-01-09 18:21:22.489317,0 days 00:00:14.322319,1.0,0.1,5,1,1.0,20,"{'colsample_bytree': [0.6, 0.8, 1.0], 'learning_rate': [0.01, 0.1, 0.3], 'max_depth': [3, 5, 7], 'min_child_weight': [1, 3, 5], 'subsample': [0.6, 0.8, 1.0]}",COMPLETE
21,0.749720732608479,2025-01-09 18:21:22.489554,2025-01-09 18:21:34.938265,0 days 00:00:12.448711,0.8,0.3,5,1,0.8,21,"{'colsample_bytree': [0.6, 0.8, 1.0], 'learning_rate': [0.01, 0.1, 0.3], 'max_depth': [3, 5, 7], 'min_child_weight': [1, 3, 5], 'subsample': [0.6, 0.8, 1.0]}",COMPLETE
22,0.6942347725902586,2025-01-09 18:21:34.938499,2025-01-09 18:21:47.127542,0 days 00:00:12.189043,0.8,0.01,5,1,0.6,22,"{'colsample_bytree': [0.6, 0.8, 1.0], 'learning_rate': [0.01, 0.1, 0.3], 'max_depth': [3, 5, 7], 'min_child_weight': [1, 3, 5], 'subsample': [0.6, 0.8, 1.0]}",COMPLETE
23,0.7487408796598516,2025-01-09 18:21:47.127781,2025-01-09 18:21:59.184109,0 days 00:00:12.056328,0.8,0.1,5,5,0.6,23,"{'colsample_bytree': [0.6, 0.8, 1.0], 'learning_rate': [0.01, 0.1, 0.3], 'max_depth': [3, 5, 7], 'min_child_weight': [1, 3, 5], 'subsample': [0.6, 0.8, 1.0]}",COMPLETE
24,0.664917191509214,2025-01-09 18:21:59.184351,2025-01-09 18:22:03.990893,0 days 00:00:04.806542,0.6,0.01,3,3,1.0,24,"{'colsample_bytree': [0.6, 0.8, 1.0], 'learning_rate': [0.01, 0.1, 0.3], 'max_depth': [3, 5, 7], 'min_child_weight': [1, 3, 5], 'subsample': [0.6, 0.8, 1.0]}",COMPLETE
25,0.7080187276450852,2025-01-09 18:22:03.991145,2025-01-09 18:22:27.529842,0 days 00:00:23.538697,0.6,0.01,7,3,0.8,25,"{'colsample_bytree': [0.6, 0.8, 1.0], 'learning_rate': [0.01, 0.1, 0.3], 'max_depth': [3, 5, 7], 'min_child_weight': [1, 3, 5], 'subsample': [0.6, 0.8, 1.0]}",COMPLETE
26,0.664567345431208,2025-01-09 18:22:27.531303,2025-01-09 18:22:33.154101,0 days 00:00:05.622798,1.0,0.01,3,5,0.6,26,"{'colsample_bytree': [0.6, 0.8, 1.0], 'learning_rate': [0.01, 0.1, 0.3], 'max_depth': [3, 5, 7], 'min_child_weight': [1, 3, 5], 'subsample': [0.6, 0.8, 1.0]}",COMPLETE
27,0.7527289731933166,2025-01-09 18:22:33.154340,2025-01-09 18:22:39.161782,0 days 00:00:06.007442,1.0,0.3,3,5,0.6,27,"{'colsample_bytree': [0.6, 0.8, 1.0], 'learning_rate': [0.01, 0.1, 0.3], 'max_depth': [3, 5, 7], 'min_child_weight': [1, 3, 5], 'subsample': [0.6, 0.8, 1.0]}",COMPLETE
28,0.6943747061261126,2025-01-09 18:22:39.162020,2025-01-09 18:22:49.748676,0 days 00:00:10.586656,0.6,0.01,5,3,0.6,28,"{'colsample_bytree': [0.6, 0.8, 1.0], 'learning_rate': [0.01, 0.1, 0.3], 'max_depth': [3, 5, 7], 'min_child_weight': [1, 3, 5], 'subsample': [0.6, 0.8, 1.0]}",COMPLETE
29,0.7494403760019248,2025-01-09 18:22:49.748984,2025-01-09 18:23:15.811715,0 days 00:00:26.062731,1.0,0.3,7,1,1.0,29,"{'colsample_bytree': [0.6, 0.8, 1.0], 'learning_rate': [0.01, 0.1, 0.3], 'max_depth': [3, 5, 7], 'min_child_weight': [1, 3, 5], 'subsample': [0.6, 0.8, 1.0]}",COMPLETE
30,0.7521698020149744,2025-01-09 18:23:15.812273,2025-01-09 18:23:21.005232,0 days 00:00:05.192959,0.6,0.3,3,1,0.8,30,"{'colsample_bytree': [0.6, 0.8, 1.0], 'learning_rate': [0.01, 0.1, 0.3], 'max_depth': [3, 5, 7], 'min_child_weight': [1, 3, 5], 'subsample': [0.6, 0.8, 1.0]}",COMPLETE
31,0.7472016352422012,2025-01-09 18:23:21.005471,2025-01-09 18:23:31.938295,0 days 00:00:10.932824,0.6,0.1,5,5,1.0,31,"{'colsample_bytree': [0.6, 0.8, 1.0], 'learning_rate': [0.01, 0.1, 0.3], 'max_depth': [3, 5, 7], 'min_child_weight': [1, 3, 5], 'subsample': [0.6, 0.8, 1.0]}",COMPLETE
32,0.7015817605190636,2025-01-09 18:23:31.938565,2025-01-09 18:24:02.877117,0 days 00:00:30.938552,0.8,0.01,7,1,1.0,32,"{'colsample_bytree': [0.6, 0.8, 1.0], 'learning_rate': [0.01, 0.1, 0.3], 'max_depth': [3, 5, 7], 'min_child_weight': [1, 3, 5], 'subsample': [0.6, 0.8, 1.0]}",COMPLETE
33,0.661279041960724,2025-01-09 18:24:02.877448,2025-01-09 18:24:08.366723,0 days 00:00:05.489275,0.8,0.01,3,1,1.0,33,"{'colsample_bytree': [0.6, 0.8, 1.0], 'learning_rate': [0.01, 0.1, 0.3], 'max_depth': [3, 5, 7], 'min_child_weight': [1, 3, 5], 'subsample': [0.6, 0.8, 1.0]}",COMPLETE
34,0.7456625621617468,2025-01-09 18:24:08.366958,2025-01-09 18:24:21.622380,0 days 00:00:13.255422,0.8,0.1,5,1,0.8,34,"{'colsample_bytree': [0.6, 0.8, 1.0], 'learning_rate': [0.01, 0.1, 0.3], 'max_depth': [3, 5, 7], 'min_child_weight': [1, 3, 5], 'subsample': [0.6, 0.8, 1.0]}",COMPLETE
35,0.7481808028420435,2025-01-09 18:24:21.622672,2025-01-09 18:24:33.102259,0 days 00:00:11.479587,0.6,0.3,5,1,0.6,35,"{'colsample_bytree': [0.6, 0.8, 1.0], 'learning_rate': [0.01, 0.1, 0.3], 'max_depth': [3, 5, 7], 'min_child_weight': [1, 3, 5], 'subsample': [0.6, 0.8, 1.0]}",COMPLETE
36,0.6644974153783945,2025-01-09 18:24:33.102499,2025-01-09 18:24:39.019169,0 days 00:00:05.916670,1.0,0.01,3,1,0.6,36,"{'colsample_bytree': [0.6, 0.8, 1.0], 'learning_rate': [0.01, 0.1, 0.3], 'max_depth': [3, 5, 7], 'min_child_weight': [1, 3, 5], 'subsample': [0.6, 0.8, 1.0]}",COMPLETE
37,0.685418592680328,2025-01-09 18:24:39.019404,2025-01-09 18:24:53.179776,0 days 00:00:14.160372,1.0,0.01,5,1,1.0,37,"{'colsample_bytree': [0.6, 0.8, 1.0], 'learning_rate': [0.01, 0.1, 0.3], 'max_depth': [3, 5, 7], 'min_child_weight': [1, 3, 5], 'subsample': [0.6, 0.8, 1.0]}",COMPLETE
38,0.7490207712083017,2025-01-09 18:24:53.180014,2025-01-09 18:25:06.968935,0 days 00:00:13.788921,1.0,0.1,5,5,0.8,38,"{'colsample_bytree': [0.6, 0.8, 1.0], 'learning_rate': [0.01, 0.1, 0.3], 'max_depth': [3, 5, 7], 'min_child_weight': [1, 3, 5], 'subsample': [0.6, 0.8, 1.0]}",COMPLETE
39,0.7437728842242745,2025-01-09 18:25:06.969185,2025-01-09 18:25:30.939693,0 days 00:00:23.970508,0.8,0.1,7,5,1.0,39,"{'colsample_bytree': [0.6, 0.8, 1.0], 'learning_rate': [0.01, 0.1, 0.3], 'max_depth': [3, 5, 7], 'min_child_weight': [1, 3, 5], 'subsample': [0.6, 0.8, 1.0]}",COMPLETE
40,0.7479713553579956,2025-01-09 18:25:30.940002,2025-01-09 18:25:43.740199,0 days 00:00:12.800197,0.8,0.3,5,1,1.0,40,"{'colsample_bytree': [0.6, 0.8, 1.0], 'learning_rate': [0.01, 0.1, 0.3], 'max_depth': [3, 5, 7], 'min_child_weight': [1, 3, 5], 'subsample': [0.6, 0.8, 1.0]}",COMPLETE
41,0.7481808762722705,2025-01-09 18:25:43.740442,2025-01-09 18:26:08.635958,0 days 00:00:24.895516,0.6,0.1,7,1,0.6,41,"{'colsample_bytree': [0.6, 0.8, 1.0], 'learning_rate': [0.01, 0.1, 0.3], 'max_depth': [3, 5, 7], 'min_child_weight': [1, 3, 5], 'subsample': [0.6, 0.8, 1.0]}",COMPLETE
42,0.7059199938514423,2025-01-09 18:26:08.636285,2025-01-09 18:26:33.425010,0 days 00:00:24.788725,0.8,0.01,7,5,0.8,42,"{'colsample_bytree': [0.6, 0.8, 1.0], 'learning_rate': [0.01, 0.1, 0.3], 'max_depth': [3, 5, 7], 'min_child_weight': [1, 3, 5], 'subsample': [0.6, 0.8, 1.0]}",COMPLETE
43,0.7043103053693895,2025-01-09 18:26:33.425266,2025-01-09 18:26:58.699561,0 days 00:00:25.274295,0.6,0.01,7,1,0.6,43,"{'colsample_bytree': [0.6, 0.8, 1.0], 'learning_rate': [0.01, 0.1, 0.3], 'max_depth': [3, 5, 7], 'min_child_weight': [1, 3, 5], 'subsample': [0.6, 0.8, 1.0]}",COMPLETE
44,0.7022815750587871,2025-01-09 18:26:58.699814,2025-01-09 18:27:24.968582,0 days 00:00:26.268768,0.8,0.01,7,5,1.0,44,"{'colsample_bytree': [0.6, 0.8, 1.0], 'learning_rate': [0.01, 0.1, 0.3], 'max_depth': [3, 5, 7], 'min_child_weight': [1, 3, 5], 'subsample': [0.6, 0.8, 1.0]}",COMPLETE
45,0.6940249824318181,2025-01-09 18:27:24.968860,2025-01-09 18:27:35.676989,0 days 00:00:10.708129,0.6,0.01,5,5,0.6,45,"{'colsample_bytree': [0.6, 0.8, 1.0], 'learning_rate': [0.01, 0.1, 0.3], 'max_depth': [3, 5, 7], 'min_child_weight': [1, 3, 5], 'subsample': [0.6, 0.8, 1.0]}",COMPLETE
46,0.7471317786196146,2025-01-09 18:27:35.677239,2025-01-09 18:27:53.629047,0 days 00:00:17.951808,0.6,0.3,7,3,0.8,46,"{'colsample_bytree': [0.6, 0.8, 1.0], 'learning_rate': [0.01, 0.1, 0.3], 'max_depth': [3, 5, 7], 'min_child_weight': [1, 3, 5], 'subsample': [0.6, 0.8, 1.0]}",COMPLETE
47,0.6665263904564201,2025-01-09 18:27:53.629357,2025-01-09 18:27:58.735461,0 days 00:00:05.106104,0.6,0.01,3,5,0.8,47,"{'colsample_bytree': [0.6, 0.8, 1.0], 'learning_rate': [0.01, 0.1, 0.3], 'max_depth': [3, 5, 7], 'min_child_weight': [1, 3, 5], 'subsample': [0.6, 0.8, 1.0]}",COMPLETE
48,0.7490207712083017,2025-01-09 18:27:58.735705,2025-01-09 18:28:22.726687,0 days 00:00:23.990982,1.0,0.1,7,5,0.6,48,"{'colsample_bytree': [0.6, 0.8, 1.0], 'learning_rate': [0.01, 0.1, 0.3], 'max_depth': [3, 5, 7], 'min_child_weight': [1, 3, 5], 'subsample': [0.6, 0.8, 1.0]}",COMPLETE
49,0.7425839019892494,2025-01-09 18:28:22.727281,2025-01-09 18:28:56.191583,0 days 00:00:33.464302,1.0,0.1,7,1,1.0,49,"{'colsample_bytree': [0.6, 0.8, 1.0], 'learning_rate': [0.01, 0.1, 0.3], 'max_depth': [3, 5, 7], 'min_child_weight': [1, 3, 5], 'subsample': [0.6, 0.8, 1.0]}",COMPLETE
50,0.7516095783367123,2025-01-09 18:28:56.191939,2025-01-09 18:29:07.638956,0 days 00:00:11.447017,0.6,0.3,5,1,0.8,50,"{'colsample_bytree': [0.6, 0.8, 1.0], 'learning_rate': [0.01, 0.1, 0.3], 'max_depth': [3, 5, 7], 'min_child_weight': [1, 3, 5], 'subsample': [0.6, 0.8, 1.0]}",COMPLETE
51,0.7481110930799109,2025-01-09 18:29:07.639200,2025-01-09 18:29:31.583297,0 days 00:00:23.944097,0.8,0.3,7,1,1.0,51,"{'colsample_bytree': [0.6, 0.8, 1.0], 'learning_rate': [0.01, 0.1, 0.3], 'max_depth': [3, 5, 7], 'min_child_weight': [1, 3, 5], 'subsample': [0.6, 0.8, 1.0]}",COMPLETE
52,0.7028411623417488,2025-01-09 18:29:31.583532,2025-01-09 18:29:59.956191,0 days 00:00:28.372659,0.8,0.01,7,3,1.0,52,"{'colsample_bytree': [0.6, 0.8, 1.0], 'learning_rate': [0.01, 0.1, 0.3], 'max_depth': [3, 5, 7], 'min_child_weight': [1, 3, 5], 'subsample': [0.6, 0.8, 1.0]}",COMPLETE
53,0.6939547586580967,2025-01-09 18:29:59.956427,2025-01-09 18:30:11.906768,0 days 00:00:11.950341,0.8,0.01,5,5,0.6,53,"{'colsample_bytree': [0.6, 0.8, 1.0], 'learning_rate': [0.01, 0.1, 0.3], 'max_depth': [3, 5, 7], 'min_child_weight': [1, 3, 5], 'subsample': [0.6, 0.8, 1.0]}",COMPLETE
54,0.738875357329842,2025-01-09 18:30:11.907005,2025-01-09 18:30:17.833362,0 days 00:00:05.926357,0.8,0.1,3,3,0.6,54,"{'colsample_bytree': [0.6, 0.8, 1.0], 'learning_rate': [0.01, 0.1, 0.3], 'max_depth': [3, 5, 7], 'min_child_weight': [1, 3, 5], 'subsample': [0.6, 0.8, 1.0]}",COMPLETE
55,0.7341175436805825,2025-01-09 18:30:17.833603,2025-01-09 18:30:23.345529,0 days 00:00:05.511926,0.6,0.1,3,5,0.6,55,"{'colsample_bytree': [0.6, 0.8, 1.0], 'learning_rate': [0.01, 0.1, 0.3], 'max_depth': [3, 5, 7], 'min_child_weight': [1, 3, 5], 'subsample': [0.6, 0.8, 1.0]}",COMPLETE
56,0.6863981274313053,2025-01-09 18:30:23.345783,2025-01-09 18:30:37.043354,0 days 00:00:13.697571,1.0,0.01,5,5,1.0,56,"{'colsample_bytree': [0.6, 0.8, 1.0], 'learning_rate': [0.01, 0.1, 0.3], 'max_depth': [3, 5, 7], 'min_child_weight': [1, 3, 5], 'subsample': [0.6, 0.8, 1.0]}",COMPLETE
57,0.7498604703303944,2025-01-09 18:30:37.043632,2025-01-09 18:30:55.296966,0 days 00:00:18.253334,0.8,0.3,7,5,0.8,57,"{'colsample_bytree': [0.6, 0.8, 1.0], 'learning_rate': [0.01, 0.1, 0.3], 'max_depth': [3, 5, 7], 'min_child_weight': [1, 3, 5], 'subsample': [0.6, 0.8, 1.0]}",COMPLETE
58,0.7483211524825168,2025-01-09 18:30:55.297239,2025-01-09 18:31:12.933987,0 days 00:00:17.636748,0.8,0.3,7,5,0.6,58,"{'colsample_bytree': [0.6, 0.8, 1.0], 'learning_rate': [0.01, 0.1, 0.3], 'max_depth': [3, 5, 7], 'min_child_weight': [1, 3, 5], 'subsample': [0.6, 0.8, 1.0]}",COMPLETE
59,0.6584799551390267,2025-01-09 18:31:12.934278,2025-01-09 18:31:18.939194,0 days 00:00:06.004916,1.0,0.01,3,5,1.0,59,"{'colsample_bytree': [0.6, 0.8, 1.0], 'learning_rate': [0.01, 0.1, 0.3], 'max_depth': [3, 5, 7], 'min_child_weight': [1, 3, 5], 'subsample': [0.6, 0.8, 1.0]}",COMPLETE
60,0.7510496483793582,2025-01-09 18:31:18.939463,2025-01-09 18:31:25.304208,0 days 00:00:06.364745,1.0,0.3,3,3,1.0,60,"{'colsample_bytree': [0.6, 0.8, 1.0], 'learning_rate': [0.01, 0.1, 0.3], 'max_depth': [3, 5, 7], 'min_child_weight': [1, 3, 5], 'subsample': [0.6, 0.8, 1.0]}",COMPLETE
61,0.7488808131957055,2025-01-09 18:31:25.304449,2025-01-09 18:31:38.727835,0 days 00:00:13.423386,1.0,0.3,5,3,1.0,61,"{'colsample_bytree': [0.6, 0.8, 1.0], 'learning_rate': [0.01, 0.1, 0.3], 'max_depth': [3, 5, 7], 'min_child_weight': [1, 3, 5], 'subsample': [0.6, 0.8, 1.0]}",COMPLETE
62,0.7514693755566929,2025-01-09 18:31:38.728082,2025-01-09 18:31:45.160327,0 days 00:00:06.432245,1.0,0.3,3,1,1.0,62,"{'colsample_bytree': [0.6, 0.8, 1.0], 'learning_rate': [0.01, 0.1, 0.3], 'max_depth': [3, 5, 7], 'min_child_weight': [1, 3, 5], 'subsample': [0.6, 0.8, 1.0]}",COMPLETE
63,0.705570270157148,2025-01-09 18:31:45.160560,2025-01-09 18:32:15.086790,0 days 00:00:29.926230,1.0,0.01,7,3,0.8,63,"{'colsample_bytree': [0.6, 0.8, 1.0], 'learning_rate': [0.01, 0.1, 0.3], 'max_depth': [3, 5, 7], 'min_child_weight': [1, 3, 5], 'subsample': [0.6, 0.8, 1.0]}",COMPLETE
64,0.7451028524950734,2025-01-09 18:32:15.087767,2025-01-09 18:32:27.854946,0 days 00:00:12.767179,1.0,0.3,5,5,1.0,64,"{'colsample_bytree': [0.6, 0.8, 1.0], 'learning_rate': [0.01, 0.1, 0.3], 'max_depth': [3, 5, 7], 'min_child_weight': [1, 3, 5], 'subsample': [0.6, 0.8, 1.0]}",COMPLETE
65,0.748601190891421,2025-01-09 18:32:27.855203,2025-01-09 18:32:41.430564,0 days 00:00:13.575361,1.0,0.1,5,5,0.6,65,"{'colsample_bytree': [0.6, 0.8, 1.0], 'learning_rate': [0.01, 0.1, 0.3], 'max_depth': [3, 5, 7], 'min_child_weight': [1, 3, 5], 'subsample': [0.6, 0.8, 1.0]}",COMPLETE
66,0.7511194805252023,2025-01-09 18:32:41.430803,2025-01-09 18:32:54.262728,0 days 00:00:12.831925,0.8,0.3,5,1,0.6,66,"{'colsample_bytree': [0.6, 0.8, 1.0], 'learning_rate': [0.01, 0.1, 0.3], 'max_depth': [3, 5, 7], 'min_child_weight': [1, 3, 5], 'subsample': [0.6, 0.8, 1.0]}",COMPLETE
67,0.6943046292128451,2025-01-09 18:32:54.262969,2025-01-09 18:33:05.160453,0 days 00:00:10.897484,0.6,0.01,5,5,0.8,67,"{'colsample_bytree': [0.6, 0.8, 1.0], 'learning_rate': [0.01, 0.1, 0.3], 'max_depth': [3, 5, 7], 'min_child_weight': [1, 3, 5], 'subsample': [0.6, 0.8, 1.0]}",COMPLETE
68,0.6613490943972492,2025-01-09 18:33:05.160694,2025-01-09 18:33:10.642959,0 days 00:00:05.482265,0.8,0.01,3,5,1.0,68,"{'colsample_bytree': [0.6, 0.8, 1.0], 'learning_rate': [0.01, 0.1, 0.3], 'max_depth': [3, 5, 7], 'min_child_weight': [1, 3, 5], 'subsample': [0.6, 0.8, 1.0]}",COMPLETE
69,0.7412543742998122,2025-01-09 18:33:10.643203,2025-01-09 18:33:39.557466,0 days 00:00:28.914263,1.0,0.1,7,3,1.0,69,"{'colsample_bytree': [0.6, 0.8, 1.0], 'learning_rate': [0.01, 0.1, 0.3], 'max_depth': [3, 5, 7], 'min_child_weight': [1, 3, 5], 'subsample': [0.6, 0.8, 1.0]}",COMPLETE
70,0.7482508797553109,2025-01-09 18:33:39.557816,2025-01-09 18:34:01.054367,0 days 00:00:21.496551,0.6,0.3,7,1,1.0,70,"{'colsample_bytree': [0.6, 0.8, 1.0], 'learning_rate': [0.01, 0.1, 0.3], 'max_depth': [3, 5, 7], 'min_child_weight': [1, 3, 5], 'subsample': [0.6, 0.8, 1.0]}",COMPLETE
71,0.6671562015131032,2025-01-09 18:34:01.054615,2025-01-09 18:34:06.319505,0 days 00:00:05.264890,0.6,0.01,3,3,0.8,71,"{'colsample_bytree': [0.6, 0.8, 1.0], 'learning_rate': [0.01, 0.1, 0.3], 'max_depth': [3, 5, 7], 'min_child_weight': [1, 3, 5], 'subsample': [0.6, 0.8, 1.0]}",COMPLETE
72,0.7364963893133564,2025-01-09 18:34:06.319744,2025-01-09 18:34:12.431290,0 days 00:00:06.111546,0.8,0.1,3,1,0.6,72,"{'colsample_bytree': [0.6, 0.8, 1.0], 'learning_rate': [0.01, 0.1, 0.3], 'max_depth': [3, 5, 7], 'min_child_weight': [1, 3, 5], 'subsample': [0.6, 0.8, 1.0]}",COMPLETE
73,0.7534980569138108,2025-01-09 18:34:12.431532,2025-01-09 18:34:17.964798,0 days 00:00:05.533266,0.6,0.3,3,5,0.8,73,"{'colsample_bytree': [0.6, 0.8, 1.0], 'learning_rate': [0.01, 0.1, 0.3], 'max_depth': [3, 5, 7], 'min_child_weight': [1, 3, 5], 'subsample': [0.6, 0.8, 1.0]}",COMPLETE
74,0.7322284042314412,2025-01-09 18:34:17.965030,2025-01-09 18:34:24.029859,0 days 00:00:06.064829,0.8,0.1,3,5,1.0,74,"{'colsample_bytree': [0.6, 0.8, 1.0], 'learning_rate': [0.01, 0.1, 0.3], 'max_depth': [3, 5, 7], 'min_child_weight': [1, 3, 5], 'subsample': [0.6, 0.8, 1.0]}",COMPLETE
75,0.7469916492698221,2025-01-09 18:34:24.030102,2025-01-09 18:34:44.816502,0 days 00:00:20.786400,0.6,0.1,7,5,0.8,75,"{'colsample_bytree': [0.6, 0.8, 1.0], 'learning_rate': [0.01, 0.1, 0.3], 'max_depth': [3, 5, 7], 'min_child_weight': [1, 3, 5], 'subsample': [0.6, 0.8, 1.0]}",COMPLETE
76,0.74692152340307,2025-01-09 18:34:44.816786,2025-01-09 18:34:55.396336,0 days 00:00:10.579550,0.6,0.3,5,3,0.6,76,"{'colsample_bytree': [0.6, 0.8, 1.0], 'learning_rate': [0.01, 0.1, 0.3], 'max_depth': [3, 5, 7], 'min_child_weight': [1, 3, 5], 'subsample': [0.6, 0.8, 1.0]}",COMPLETE
77,0.7059900707647098,2025-01-09 18:34:55.396603,2025-01-09 18:35:18.901373,0 days 00:00:23.504770,0.6,0.01,7,5,1.0,77,"{'colsample_bytree': [0.6, 0.8, 1.0], 'learning_rate': [0.01, 0.1, 0.3], 'max_depth': [3, 5, 7], 'min_child_weight': [1, 3, 5], 'subsample': [0.6, 0.8, 1.0]}",COMPLETE
78,0.6938848286052833,2025-01-09 18:35:18.901650,2025-01-09 18:35:31.270543,0 days 00:00:12.368893,0.8,0.01,5,5,0.8,78,"{'colsample_bytree': [0.6, 0.8, 1.0], 'learning_rate': [0.01, 0.1, 0.3], 'max_depth': [3, 5, 7], 'min_child_weight': [1, 3, 5], 'subsample': [0.6, 0.8, 1.0]}",COMPLETE
79,0.6901066476139704,2025-01-09 18:35:31.270782,2025-01-09 18:35:44.035747,0 days 00:00:12.764965,0.8,0.01,5,1,1.0,79,"{'colsample_bytree': [0.6, 0.8, 1.0], 'learning_rate': [0.01, 0.1, 0.3], 'max_depth': [3, 5, 7], 'min_child_weight': [1, 3, 5], 'subsample': [0.6, 0.8, 1.0]}",COMPLETE
80,0.7516795818197528,2025-01-09 18:35:44.036009,2025-01-09 18:35:57.427741,0 days 00:00:13.391732,1.0,0.3,5,3,0.8,80,"{'colsample_bytree': [0.6, 0.8, 1.0], 'learning_rate': [0.01, 0.1, 0.3], 'max_depth': [3, 5, 7], 'min_child_weight': [1, 3, 5], 'subsample': [0.6, 0.8, 1.0]}",COMPLETE
81,0.7453126426535138,2025-01-09 18:35:57.428110,2025-01-09 18:36:08.956510,0 days 00:00:11.528400,0.6,0.1,5,3,0.8,81,"{'colsample_bytree': [0.6, 0.8, 1.0], 'learning_rate': [0.01, 0.1, 0.3], 'max_depth': [3, 5, 7], 'min_child_weight': [1, 3, 5], 'subsample': [0.6, 0.8, 1.0]}",COMPLETE
82,0.6943745592656586,2025-01-09 18:36:08.956780,2025-01-09 18:36:20.117290,0 days 00:00:11.160510,0.6,0.01,5,3,0.8,82,"{'colsample_bytree': [0.6, 0.8, 1.0], 'learning_rate': [0.01, 0.1, 0.3], 'max_depth': [3, 5, 7], 'min_child_weight': [1, 3, 5], 'subsample': [0.6, 0.8, 1.0]}",COMPLETE
83,0.6683455264225209,2025-01-09 18:36:20.117528,2025-01-09 18:36:25.343550,0 days 00:00:05.226022,0.6,0.01,3,3,0.6,83,"{'colsample_bytree': [0.6, 0.8, 1.0], 'learning_rate': [0.01, 0.1, 0.3], 'max_depth': [3, 5, 7], 'min_child_weight': [1, 3, 5], 'subsample': [0.6, 0.8, 1.0]}",COMPLETE
84,0.7534991583672153,2025-01-09 18:36:25.343805,2025-01-09 18:36:31.333435,0 days 00:00:05.989630,0.8,0.3,3,1,1.0,84,"{'colsample_bytree': [0.6, 0.8, 1.0], 'learning_rate': [0.01, 0.1, 0.3], 'max_depth': [3, 5, 7], 'min_child_weight': [1, 3, 5], 'subsample': [0.6, 0.8, 1.0]}",COMPLETE
85,0.7066894936765561,2025-01-09 18:36:31.333732,2025-01-09 18:36:51.853036,0 days 00:00:20.519304,0.6,0.01,7,5,0.6,85,"{'colsample_bytree': [0.6, 0.8, 1.0], 'learning_rate': [0.01, 0.1, 0.3], 'max_depth': [3, 5, 7], 'min_child_weight': [1, 3, 5], 'subsample': [0.6, 0.8, 1.0]}",COMPLETE
86,0.7357266202440771,2025-01-09 18:36:51.853286,2025-01-09 18:36:57.480055,0 days 00:00:05.626769,0.6,0.1,3,3,0.6,86,"{'colsample_bytree': [0.6, 0.8, 1.0], 'learning_rate': [0.01, 0.1, 0.3], 'max_depth': [3, 5, 7], 'min_child_weight': [1, 3, 5], 'subsample': [0.6, 0.8, 1.0]}",COMPLETE
87,0.7502802464612138,2025-01-09 18:36:57.480291,2025-01-09 18:37:03.911481,0 days 00:00:06.431190,1.0,0.3,3,1,0.8,87,"{'colsample_bytree': [0.6, 0.8, 1.0], 'learning_rate': [0.01, 0.1, 0.3], 'max_depth': [3, 5, 7], 'min_child_weight': [1, 3, 5], 'subsample': [0.6, 0.8, 1.0]}",COMPLETE
88,0.7501401660649059,2025-01-09 18:37:03.911719,2025-01-09 18:37:09.451929,0 days 00:00:05.540210,0.6,0.3,3,5,0.6,88,"{'colsample_bytree': [0.6, 0.8, 1.0], 'learning_rate': [0.01, 0.1, 0.3], 'max_depth': [3, 5, 7], 'min_child_weight': [1, 3, 5], 'subsample': [0.6, 0.8, 1.0]}",COMPLETE
89,0.7499303759064655,2025-01-09 18:37:09.452170,2025-01-09 18:37:14.957333,0 days 00:00:05.505163,0.6,0.3,3,1,1.0,89,"{'colsample_bytree': [0.6, 0.8, 1.0], 'learning_rate': [0.01, 0.1, 0.3], 'max_depth': [3, 5, 7], 'min_child_weight': [1, 3, 5], 'subsample': [0.6, 0.8, 1.0]}",COMPLETE
90,0.6945147375689358,2025-01-09 18:37:14.957603,2025-01-09 18:37:50.275233,0 days 00:00:35.317630,1.0,0.01,7,1,1.0,90,"{'colsample_bytree': [0.6, 0.8, 1.0], 'learning_rate': [0.01, 0.1, 0.3], 'max_depth': [3, 5, 7], 'min_child_weight': [1, 3, 5], 'subsample': [0.6, 0.8, 1.0]}",COMPLETE
91,0.7474110337727643,2025-01-09 18:37:50.275573,2025-01-09 18:38:18.400066,0 days 00:00:28.124493,0.8,0.1,7,1,0.6,91,"{'colsample_bytree': [0.6, 0.8, 1.0], 'learning_rate': [0.01, 0.1, 0.3], 'max_depth': [3, 5, 7], 'min_child_weight': [1, 3, 5], 'subsample': [0.6, 0.8, 1.0]}",COMPLETE
92,0.7082983744261122,2025-01-09 18:38:18.400308,2025-01-09 18:38:45.016684,0 days 00:00:26.616376,0.6,0.01,7,1,0.8,92,"{'colsample_bytree': [0.6, 0.8, 1.0], 'learning_rate': [0.01, 0.1, 0.3], 'max_depth': [3, 5, 7], 'min_child_weight': [1, 3, 5], 'subsample': [0.6, 0.8, 1.0]}",COMPLETE
93,0.7050103157230515,2025-01-09 18:38:45.016928,2025-01-09 18:39:18.647593,0 days 00:00:33.630665,1.0,0.01,7,1,0.8,93,"{'colsample_bytree': [0.6, 0.8, 1.0], 'learning_rate': [0.01, 0.1, 0.3], 'max_depth': [3, 5, 7], 'min_child_weight': [1, 3, 5], 'subsample': [0.6, 0.8, 1.0]}",COMPLETE
94,0.7305490794174829,2025-01-09 18:39:18.648059,2025-01-09 18:39:25.137716,0 days 00:00:06.489657,1.0,0.1,3,1,1.0,94,"{'colsample_bytree': [0.6, 0.8, 1.0], 'learning_rate': [0.01, 0.1, 0.3], 'max_depth': [3, 5, 7], 'min_child_weight': [1, 3, 5], 'subsample': [0.6, 0.8, 1.0]}",COMPLETE
95,0.7484607188672359,2025-01-09 18:39:25.137984,2025-01-09 18:39:30.779407,0 days 00:00:05.641423,0.6,0.3,3,1,0.6,95,"{'colsample_bytree': [0.6, 0.8, 1.0], 'learning_rate': [0.01, 0.1, 0.3], 'max_depth': [3, 5, 7], 'min_child_weight': [1, 3, 5], 'subsample': [0.6, 0.8, 1.0]}",COMPLETE
96,0.7321584986553702,2025-01-09 18:39:30.779727,2025-01-09 18:39:37.253072,0 days 00:00:06.473345,1.0,0.1,3,3,1.0,96,"{'colsample_bytree': [0.6, 0.8, 1.0], 'learning_rate': [0.01, 0.1, 0.3], 'max_depth': [3, 5, 7], 'min_child_weight': [1, 3, 5], 'subsample': [0.6, 0.8, 1.0]}",COMPLETE
97,0.7478308833338106,2025-01-09 18:39:37.253309,2025-01-09 18:39:54.171730,0 days 00:00:16.918421,0.6,0.3,7,5,1.0,97,"{'colsample_bytree': [0.6, 0.8, 1.0], 'learning_rate': [0.01, 0.1, 0.3], 'max_depth': [3, 5, 7], 'min_child_weight': [1, 3, 5], 'subsample': [0.6, 0.8, 1.0]}",COMPLETE
98,0.7476914393328031,2025-01-09 18:39:54.171974,2025-01-09 18:40:14.370294,0 days 00:00:20.198320,0.6,0.1,7,5,0.6,98,"{'colsample_bytree': [0.6, 0.8, 1.0], 'learning_rate': [0.01, 0.1, 0.3], 'max_depth': [3, 5, 7], 'min_child_weight': [1, 3, 5], 'subsample': [0.6, 0.8, 1.0]}",COMPLETE
99,0.7484609636346591,2025-01-09 18:40:14.370532,2025-01-09 18:40:34.767581,0 days 00:00:20.397049,0.8,0.3,7,3,1.0,99,"{'colsample_bytree': [0.6, 0.8, 1.0], 'learning_rate': [0.01, 0.1, 0.3], 'max_depth': [3, 5, 7], 'min_child_weight': [1, 3, 5], 'subsample': [0.6, 0.8, 1.0]}",COMPLETE
100,0.6621884508449494,2025-01-09 18:40:34.767925,2025-01-09 18:40:40.739017,0 days 00:00:05.971092,1.0,0.01,3,3,0.8,100,"{'colsample_bytree': [0.6, 0.8, 1.0], 'learning_rate': [0.01, 0.1, 0.3], 'max_depth': [3, 5, 7], 'min_child_weight': [1, 3, 5], 'subsample': [0.6, 0.8, 1.0]}",COMPLETE
101,0.7453127160837407,2025-01-09 18:40:40.739273,2025-01-09 18:40:53.396334,0 days 00:00:12.657061,0.8,0.1,5,5,1.0,101,"{'colsample_bytree': [0.6, 0.8, 1.0], 'learning_rate': [0.01, 0.1, 0.3], 'max_depth': [3, 5, 7], 'min_child_weight': [1, 3, 5], 'subsample': [0.6, 0.8, 1.0]}",COMPLETE
102,0.661208989524199,2025-01-09 18:40:53.396569,2025-01-09 18:40:58.981582,0 days 00:00:05.585013,0.8,0.01,3,3,1.0,102,"{'colsample_bytree': [0.6, 0.8, 1.0], 'learning_rate': [0.01, 0.1, 0.3], 'max_depth': [3, 5, 7], 'min_child_weight': [1, 3, 5], 'subsample': [0.6, 0.8, 1.0]}",COMPLETE
103,0.7488107852359227,2025-01-09 18:40:58.981819,2025-01-09 18:41:23.079983,0 days 00:00:24.098164,0.8,0.1,7,3,0.6,103,"{'colsample_bytree': [0.6, 0.8, 1.0], 'learning_rate': [0.01, 0.1, 0.3], 'max_depth': [3, 5, 7], 'min_child_weight': [1, 3, 5], 'subsample': [0.6, 0.8, 1.0]}",COMPLETE
104,0.7509798407102563,2025-01-09 18:41:23.080307,2025-01-09 18:41:29.131341,0 days 00:00:06.051034,0.8,0.3,3,1,0.8,104,"{'colsample_bytree': [0.6, 0.8, 1.0], 'learning_rate': [0.01, 0.1, 0.3], 'max_depth': [3, 5, 7], 'min_child_weight': [1, 3, 5], 'subsample': [0.6, 0.8, 1.0]}",COMPLETE
105,0.751819613262576,2025-01-09 18:41:29.131587,2025-01-09 18:41:49.388017,0 days 00:00:20.256430,1.0,0.3,7,5,1.0,105,"{'colsample_bytree': [0.6, 0.8, 1.0], 'learning_rate': [0.01, 0.1, 0.3], 'max_depth': [3, 5, 7], 'min_child_weight': [1, 3, 5], 'subsample': [0.6, 0.8, 1.0]}",COMPLETE
106,0.7471317051893875,2025-01-09 18:41:49.388313,2025-01-09 18:42:01.970273,0 days 00:00:12.581960,0.8,0.1,5,5,0.8,106,"{'colsample_bytree': [0.6, 0.8, 1.0], 'learning_rate': [0.01, 0.1, 0.3], 'max_depth': [3, 5, 7], 'min_child_weight': [1, 3, 5], 'subsample': [0.6, 0.8, 1.0]}",COMPLETE
107,0.7453125447465446,2025-01-09 18:42:01.970510,2025-01-09 18:42:13.591525,0 days 00:00:11.621015,0.6,0.1,5,3,1.0,107,"{'colsample_bytree': [0.6, 0.8, 1.0], 'learning_rate': [0.01, 0.1, 0.3], 'max_depth': [3, 5, 7], 'min_child_weight': [1, 3, 5], 'subsample': [0.6, 0.8, 1.0]}",COMPLETE
108,0.6940250313853029,2025-01-09 18:42:13.591765,2025-01-09 18:42:24.896811,0 days 00:00:11.305046,0.6,0.01,5,3,1.0,108,"{'colsample_bytree': [0.6, 0.8, 1.0], 'learning_rate': [0.01, 0.1, 0.3], 'max_depth': [3, 5, 7], 'min_child_weight': [1, 3, 5], 'subsample': [0.6, 0.8, 1.0]}",COMPLETE
109,0.7349570225119942,2025-01-09 18:42:24.897062,2025-01-09 18:42:30.537948,0 days 00:00:05.640886,0.6,0.1,3,1,0.6,109,"{'colsample_bytree': [0.6, 0.8, 1.0], 'learning_rate': [0.01, 0.1, 0.3], 'max_depth': [3, 5, 7], 'min_child_weight': [1, 3, 5], 'subsample': [0.6, 0.8, 1.0]}",COMPLETE
110,0.7472015862887164,2025-01-09 18:42:30.538196,2025-01-09 18:42:53.753185,0 days 00:00:23.214989,0.6,0.1,7,3,1.0,110,"{'colsample_bytree': [0.6, 0.8, 1.0], 'learning_rate': [0.01, 0.1, 0.3], 'max_depth': [3, 5, 7], 'min_child_weight': [1, 3, 5], 'subsample': [0.6, 0.8, 1.0]}",COMPLETE
111,0.7525892599481436,2025-01-09 18:42:53.753445,2025-01-09 18:43:00.174467,0 days 00:00:06.421022,1.0,0.3,3,3,0.8,111,"{'colsample_bytree': [0.6, 0.8, 1.0], 'learning_rate': [0.01, 0.1, 0.3], 'max_depth': [3, 5, 7], 'min_child_weight': [1, 3, 5], 'subsample': [0.6, 0.8, 1.0]}",COMPLETE
112,0.706199934353377,2025-01-09 18:43:00.174740,2025-01-09 18:43:27.903166,0 days 00:00:27.728426,0.6,0.01,7,1,1.0,112,"{'colsample_bytree': [0.6, 0.8, 1.0], 'learning_rate': [0.01, 0.1, 0.3], 'max_depth': [3, 5, 7], 'min_child_weight': [1, 3, 5], 'subsample': [0.6, 0.8, 1.0]}",COMPLETE
113,0.7479714043114802,2025-01-09 18:43:27.903434,2025-01-09 18:43:46.512580,0 days 00:00:18.609146,0.8,0.3,7,5,1.0,113,"{'colsample_bytree': [0.6, 0.8, 1.0], 'learning_rate': [0.01, 0.1, 0.3], 'max_depth': [3, 5, 7], 'min_child_weight': [1, 3, 5], 'subsample': [0.6, 0.8, 1.0]}",COMPLETE
114,0.7446821217713036,2025-01-09 18:43:46.512886,2025-01-09 18:44:12.433988,0 days 00:00:25.921102,0.6,0.1,7,1,0.8,114,"{'colsample_bytree': [0.6, 0.8, 1.0], 'learning_rate': [0.01, 0.1, 0.3], 'max_depth': [3, 5, 7], 'min_child_weight': [1, 3, 5], 'subsample': [0.6, 0.8, 1.0]}",COMPLETE
115,0.7515404560163955,2025-01-09 18:44:12.434299,2025-01-09 18:44:18.870597,0 days 00:00:06.436298,1.0,0.3,3,3,0.6,115,"{'colsample_bytree': [0.6, 0.8, 1.0], 'learning_rate': [0.01, 0.1, 0.3], 'max_depth': [3, 5, 7], 'min_child_weight': [1, 3, 5], 'subsample': [0.6, 0.8, 1.0]}",COMPLETE
116,0.7519591306938105,2025-01-09 18:44:18.870894,2025-01-09 18:44:40.486273,0 days 00:00:21.615379,1.0,0.3,7,3,0.8,116,"{'colsample_bytree': [0.6, 0.8, 1.0], 'learning_rate': [0.01, 0.1, 0.3], 'max_depth': [3, 5, 7], 'min_child_weight': [1, 3, 5], 'subsample': [0.6, 0.8, 1.0]}",COMPLETE
117,0.7516092846158046,2025-01-09 18:44:40.486539,2025-01-09 18:44:46.543069,0 days 00:00:06.056530,0.8,0.3,3,3,0.8,117,"{'colsample_bytree': [0.6, 0.8, 1.0], 'learning_rate': [0.01, 0.1, 0.3], 'max_depth': [3, 5, 7], 'min_child_weight': [1, 3, 5], 'subsample': [0.6, 0.8, 1.0]}",COMPLETE
118,0.6915058850655402,2025-01-09 18:44:46.543311,2025-01-09 18:45:00.416357,0 days 00:00:13.873046,1.0,0.01,5,1,0.6,118,"{'colsample_bytree': [0.6, 0.8, 1.0], 'learning_rate': [0.01, 0.1, 0.3], 'max_depth': [3, 5, 7], 'min_child_weight': [1, 3, 5], 'subsample': [0.6, 0.8, 1.0]}",COMPLETE
119,0.753219487109446,2025-01-09 18:45:00.416606,2025-01-09 18:45:05.915017,0 days 00:00:05.498411,0.6,0.3,3,5,1.0,119,"{'colsample_bytree': [0.6, 0.8, 1.0], 'learning_rate': [0.01, 0.1, 0.3], 'max_depth': [3, 5, 7], 'min_child_weight': [1, 3, 5], 'subsample': [0.6, 0.8, 1.0]}",COMPLETE
120,0.6897566301987682,2025-01-09 18:45:05.915262,2025-01-09 18:45:19.473037,0 days 00:00:13.557775,1.0,0.01,5,5,0.8,120,"{'colsample_bytree': [0.6, 0.8, 1.0], 'learning_rate': [0.01, 0.1, 0.3], 'max_depth': [3, 5, 7], 'min_child_weight': [1, 3, 5], 'subsample': [0.6, 0.8, 1.0]}",COMPLETE
121,0.6651271040513659,2025-01-09 18:45:19.473294,2025-01-09 18:45:24.701353,0 days 00:00:05.228059,0.6,0.01,3,1,1.0,121,"{'colsample_bytree': [0.6, 0.8, 1.0], 'learning_rate': [0.01, 0.1, 0.3], 'max_depth': [3, 5, 7], 'min_child_weight': [1, 3, 5], 'subsample': [0.6, 0.8, 1.0]}",COMPLETE
122,0.750070505256258,2025-01-09 18:45:24.701628,2025-01-09 18:45:30.255764,0 days 00:00:05.554136,0.6,0.3,3,3,1.0,122,"{'colsample_bytree': [0.6, 0.8, 1.0], 'learning_rate': [0.01, 0.1, 0.3], 'max_depth': [3, 5, 7], 'min_child_weight': [1, 3, 5], 'subsample': [0.6, 0.8, 1.0]}",COMPLETE
123,0.7489506942950342,2025-01-09 18:45:30.256028,2025-01-09 18:45:44.479929,0 days 00:00:14.223901,1.0,0.1,5,3,0.8,123,"{'colsample_bytree': [0.6, 0.8, 1.0], 'learning_rate': [0.01, 0.1, 0.3], 'max_depth': [3, 5, 7], 'min_child_weight': [1, 3, 5], 'subsample': [0.6, 0.8, 1.0]}",COMPLETE
124,0.7490210159757249,2025-01-09 18:45:44.480187,2025-01-09 18:45:58.762864,0 days 00:00:14.282677,1.0,0.3,5,1,0.8,124,"{'colsample_bytree': [0.6, 0.8, 1.0], 'learning_rate': [0.01, 0.1, 0.3], 'max_depth': [3, 5, 7], 'min_child_weight': [1, 3, 5], 'subsample': [0.6, 0.8, 1.0]}",COMPLETE
125,0.7476211666055972,2025-01-09 18:45:58.763178,2025-01-09 18:46:10.155121,0 days 00:00:11.391943,0.6,0.1,5,5,0.8,125,"{'colsample_bytree': [0.6, 0.8, 1.0], 'learning_rate': [0.01, 0.1, 0.3], 'max_depth': [3, 5, 7], 'min_child_weight': [1, 3, 5], 'subsample': [0.6, 0.8, 1.0]}",COMPLETE
126,0.7343978023801674,2025-01-09 18:46:10.155369,2025-01-09 18:46:16.656213,0 days 00:00:06.500844,1.0,0.1,3,1,0.8,126,"{'colsample_bytree': [0.6, 0.8, 1.0], 'learning_rate': [0.01, 0.1, 0.3], 'max_depth': [3, 5, 7], 'min_child_weight': [1, 3, 5], 'subsample': [0.6, 0.8, 1.0]}",COMPLETE
127,0.6954240974996763,2025-01-09 18:46:16.656464,2025-01-09 18:46:27.981075,0 days 00:00:11.324611,0.6,0.01,5,1,0.8,127,"{'colsample_bytree': [0.6, 0.8, 1.0], 'learning_rate': [0.01, 0.1, 0.3], 'max_depth': [3, 5, 7], 'min_child_weight': [1, 3, 5], 'subsample': [0.6, 0.8, 1.0]}",COMPLETE
128,0.750979889663741,2025-01-09 18:46:27.981342,2025-01-09 18:46:34.009667,0 days 00:00:06.028325,0.8,0.3,3,3,0.6,128,"{'colsample_bytree': [0.6, 0.8, 1.0], 'learning_rate': [0.01, 0.1, 0.3], 'max_depth': [3, 5, 7], 'min_child_weight': [1, 3, 5], 'subsample': [0.6, 0.8, 1.0]}",COMPLETE
129,0.7483208098081244,2025-01-09 18:46:34.009911,2025-01-09 18:46:57.236689,0 days 00:00:23.226778,0.8,0.3,7,1,0.6,129,"{'colsample_bytree': [0.6, 0.8, 1.0], 'learning_rate': [0.01, 0.1, 0.3], 'max_depth': [3, 5, 7], 'min_child_weight': [1, 3, 5], 'subsample': [0.6, 0.8, 1.0]}",COMPLETE
130,0.7366363228492103,2025-01-09 18:46:57.236974,2025-01-09 18:47:03.325603,0 days 00:00:06.088629,0.8,0.1,3,3,0.8,130,"{'colsample_bytree': [0.6, 0.8, 1.0], 'learning_rate': [0.01, 0.1, 0.3], 'max_depth': [3, 5, 7], 'min_child_weight': [1, 3, 5], 'subsample': [0.6, 0.8, 1.0]}",COMPLETE
131,0.6863979805708516,2025-01-09 18:47:03.325845,2025-01-09 18:47:17.345639,0 days 00:00:14.019794,1.0,0.01,5,3,1.0,131,"{'colsample_bytree': [0.6, 0.8, 1.0], 'learning_rate': [0.01, 0.1, 0.3], 'max_depth': [3, 5, 7], 'min_child_weight': [1, 3, 5], 'subsample': [0.6, 0.8, 1.0]}",COMPLETE
132,0.6894770568479683,2025-01-09 18:47:17.345882,2025-01-09 18:47:29.853838,0 days 00:00:12.507956,0.8,0.01,5,5,1.0,132,"{'colsample_bytree': [0.6, 0.8, 1.0], 'learning_rate': [0.01, 0.1, 0.3], 'max_depth': [3, 5, 7], 'min_child_weight': [1, 3, 5], 'subsample': [0.6, 0.8, 1.0]}",COMPLETE
133,0.7523091236322703,2025-01-09 18:47:29.854089,2025-01-09 18:47:41.582466,0 days 00:00:11.728377,0.8,0.3,5,5,1.0,133,"{'colsample_bytree': [0.6, 0.8, 1.0], 'learning_rate': [0.01, 0.1, 0.3], 'max_depth': [3, 5, 7], 'min_child_weight': [1, 3, 5], 'subsample': [0.6, 0.8, 1.0]}",COMPLETE
134,0.694024811094622,2025-01-09 18:47:41.582738,2025-01-09 18:47:53.958540,0 days 00:00:12.375802,0.8,0.01,5,3,0.6,134,"{'colsample_bytree': [0.6, 0.8, 1.0], 'learning_rate': [0.01, 0.1, 0.3], 'max_depth': [3, 5, 7], 'min_child_weight': [1, 3, 5], 'subsample': [0.6, 0.8, 1.0]}",COMPLETE
135,0.750770050551816,2025-01-09 18:47:53.958854,2025-01-09 18:48:05.974238,0 days 00:00:12.015384,0.8,0.3,5,3,1.0,135,"{'colsample_bytree': [0.6, 0.8, 1.0], 'learning_rate': [0.01, 0.1, 0.3], 'max_depth': [3, 5, 7], 'min_child_weight': [1, 3, 5], 'subsample': [0.6, 0.8, 1.0]}",COMPLETE
136,0.7495806032586866,2025-01-09 18:48:05.974513,2025-01-09 18:48:18.755085,0 days 00:00:12.780572,1.0,0.3,5,5,0.8,136,"{'colsample_bytree': [0.6, 0.8, 1.0], 'learning_rate': [0.01, 0.1, 0.3], 'max_depth': [3, 5, 7], 'min_child_weight': [1, 3, 5], 'subsample': [0.6, 0.8, 1.0]}",COMPLETE
137,0.7306192297609773,2025-01-09 18:48:18.755327,2025-01-09 18:48:24.830735,0 days 00:00:06.075408,0.8,0.1,3,3,1.0,137,"{'colsample_bytree': [0.6, 0.8, 1.0], 'learning_rate': [0.01, 0.1, 0.3], 'max_depth': [3, 5, 7], 'min_child_weight': [1, 3, 5], 'subsample': [0.6, 0.8, 1.0]}",COMPLETE
138,0.6682755963697075,2025-01-09 18:48:24.830974,2025-01-09 18:48:30.077097,0 days 00:00:05.246123,0.6,0.01,3,1,0.6,138,"{'colsample_bytree': [0.6, 0.8, 1.0], 'learning_rate': [0.01, 0.1, 0.3], 'max_depth': [3, 5, 7], 'min_child_weight': [1, 3, 5], 'subsample': [0.6, 0.8, 1.0]}",COMPLETE
139,0.6938147761687583,2025-01-09 18:48:30.077374,2025-01-09 18:48:42.572696,0 days 00:00:12.495322,0.8,0.01,5,3,0.8,139,"{'colsample_bytree': [0.6, 0.8, 1.0], 'learning_rate': [0.01, 0.1, 0.3], 'max_depth': [3, 5, 7], 'min_child_weight': [1, 3, 5], 'subsample': [0.6, 0.8, 1.0]}",COMPLETE
140,0.6900367665146416,2025-01-09 18:48:42.573027,2025-01-09 18:48:55.203513,0 days 00:00:12.630486,0.8,0.01,5,3,1.0,140,"{'colsample_bytree': [0.6, 0.8, 1.0], 'learning_rate': [0.01, 0.1, 0.3], 'max_depth': [3, 5, 7], 'min_child_weight': [1, 3, 5], 'subsample': [0.6, 0.8, 1.0]}",COMPLETE
141,0.7434231850067224,2025-01-09 18:48:55.203856,2025-01-09 18:49:05.700815,0 days 00:00:10.496959,0.6,0.3,5,5,0.6,141,"{'colsample_bytree': [0.6, 0.8, 1.0], 'learning_rate': [0.01, 0.1, 0.3], 'max_depth': [3, 5, 7], 'min_child_weight': [1, 3, 5], 'subsample': [0.6, 0.8, 1.0]}",COMPLETE
142,0.7470615793226355,2025-01-09 18:49:05.701093,2025-01-09 18:49:28.292861,0 days 00:00:22.591768,0.6,0.1,7,3,0.8,142,"{'colsample_bytree': [0.6, 0.8, 1.0], 'learning_rate': [0.01, 0.1, 0.3], 'max_depth': [3, 5, 7], 'min_child_weight': [1, 3, 5], 'subsample': [0.6, 0.8, 1.0]}",COMPLETE
143,0.7469916982233067,2025-01-09 18:49:28.293109,2025-01-09 18:49:49.641711,0 days 00:00:21.348602,0.6,0.1,7,3,0.6,143,"{'colsample_bytree': [0.6, 0.8, 1.0], 'learning_rate': [0.01, 0.1, 0.3], 'max_depth': [3, 5, 7], 'min_child_weight': [1, 3, 5], 'subsample': [0.6, 0.8, 1.0]}",COMPLETE
144,0.662887751373084,2025-01-09 18:49:49.641996,2025-01-09 18:49:55.281085,0 days 00:00:05.639089,0.8,0.01,3,3,0.8,144,"{'colsample_bytree': [0.6, 0.8, 1.0], 'learning_rate': [0.01, 0.1, 0.3], 'max_depth': [3, 5, 7], 'min_child_weight': [1, 3, 5], 'subsample': [0.6, 0.8, 1.0]}",COMPLETE
145,0.7476211910823395,2025-01-09 18:49:55.281326,2025-01-09 18:50:14.225336,0 days 00:00:18.944010,1.0,0.3,7,5,0.6,145,"{'colsample_bytree': [0.6, 0.8, 1.0], 'learning_rate': [0.01, 0.1, 0.3], 'max_depth': [3, 5, 7], 'min_child_weight': [1, 3, 5], 'subsample': [0.6, 0.8, 1.0]}",COMPLETE
146,0.7507698547378773,2025-01-09 18:50:14.225619,2025-01-09 18:50:19.850347,0 days 00:00:05.624728,0.8,0.3,3,5,0.6,146,"{'colsample_bytree': [0.6, 0.8, 1.0], 'learning_rate': [0.01, 0.1, 0.3], 'max_depth': [3, 5, 7], 'min_child_weight': [1, 3, 5], 'subsample': [0.6, 0.8, 1.0]}",COMPLETE
147,0.7067596440200504,2025-01-09 18:50:19.850635,2025-01-09 18:50:44.488034,0 days 00:00:24.637399,0.6,0.01,7,3,1.0,147,"{'colsample_bytree': [0.6, 0.8, 1.0], 'learning_rate': [0.01, 0.1, 0.3], 'max_depth': [3, 5, 7], 'min_child_weight': [1, 3, 5], 'subsample': [0.6, 0.8, 1.0]}",COMPLETE
148,0.7492306592737114,2025-01-09 18:50:44.488382,2025-01-09 18:51:09.523903,0 days 00:00:25.035521,1.0,0.1,7,5,0.8,148,"{'colsample_bytree': [0.6, 0.8, 1.0], 'learning_rate': [0.01, 0.1, 0.3], 'max_depth': [3, 5, 7], 'min_child_weight': [1, 3, 5], 'subsample': [0.6, 0.8, 1.0]}",COMPLETE
149,0.7527297319723285,2025-01-09 18:51:09.524154,2025-01-09 18:51:15.036739,0 days 00:00:05.512585,0.8,0.3,3,5,1.0,149,"{'colsample_bytree': [0.6, 0.8, 1.0], 'learning_rate': [0.01, 0.1, 0.3], 'max_depth': [3, 5, 7], 'min_child_weight': [1, 3, 5], 'subsample': [0.6, 0.8, 1.0]}",COMPLETE
150,0.7464309605334558,2025-01-09 18:51:15.037002,2025-01-09 18:51:30.589694,0 days 00:00:15.552692,0.6,0.3,7,5,0.6,150,"{'colsample_bytree': [0.6, 0.8, 1.0], 'learning_rate': [0.01, 0.1, 0.3], 'max_depth': [3, 5, 7], 'min_child_weight': [1, 3, 5], 'subsample': [0.6, 0.8, 1.0]}",COMPLETE
151,0.7086485631785105,2025-01-09 18:51:30.589986,2025-01-09 18:52:00.238630,0 days 00:00:29.648644,0.8,0.01,7,1,0.8,151,"{'colsample_bytree': [0.6, 0.8, 1.0], 'learning_rate': [0.01, 0.1, 0.3], 'max_depth': [3, 5, 7], 'min_child_weight': [1, 3, 5], 'subsample': [0.6, 0.8, 1.0]}",COMPLETE
152,0.7433533039073937,2025-01-09 18:52:00.238880,2025-01-09 18:52:25.859111,0 days 00:00:25.620231,0.8,0.1,7,3,1.0,152,"{'colsample_bytree': [0.6, 0.8, 1.0], 'learning_rate': [0.01, 0.1, 0.3], 'max_depth': [3, 5, 7], 'min_child_weight': [1, 3, 5], 'subsample': [0.6, 0.8, 1.0]}",COMPLETE
153,0.7491608271278671,2025-01-09 18:52:25.859348,2025-01-09 18:52:46.288713,0 days 00:00:20.429365,1.0,0.3,7,3,0.6,153,"{'colsample_bytree': [0.6, 0.8, 1.0], 'learning_rate': [0.01, 0.1, 0.3], 'max_depth': [3, 5, 7], 'min_child_weight': [1, 3, 5], 'subsample': [0.6, 0.8, 1.0]}",COMPLETE
154,0.7512595853982524,2025-01-09 18:52:46.288959,2025-01-09 18:53:05.567928,0 days 00:00:19.278969,1.0,0.3,7,5,0.8,154,"{'colsample_bytree': [0.6, 0.8, 1.0], 'learning_rate': [0.01, 0.1, 0.3], 'max_depth': [3, 5, 7], 'min_child_weight': [1, 3, 5], 'subsample': [0.6, 0.8, 1.0]}",COMPLETE
155,0.6684155543823037,2025-01-09 18:53:05.568191,2025-01-09 18:53:10.432387,0 days 00:00:04.864196,0.6,0.01,3,5,0.6,155,"{'colsample_bytree': [0.6, 0.8, 1.0], 'learning_rate': [0.01, 0.1, 0.3], 'max_depth': [3, 5, 7], 'min_child_weight': [1, 3, 5], 'subsample': [0.6, 0.8, 1.0]}",COMPLETE
156,0.7493705928095653,2025-01-09 18:53:10.432625,2025-01-09 18:53:20.960523,0 days 00:00:10.527898,0.6,0.3,5,3,1.0,156,"{'colsample_bytree': [0.6, 0.8, 1.0], 'learning_rate': [0.01, 0.1, 0.3], 'max_depth': [3, 5, 7], 'min_child_weight': [1, 3, 5], 'subsample': [0.6, 0.8, 1.0]}",COMPLETE
157,0.6672261560426591,2025-01-09 18:53:20.960762,2025-01-09 18:53:26.208548,0 days 00:00:05.247786,0.8,0.01,3,3,0.6,157,"{'colsample_bytree': [0.6, 0.8, 1.0], 'learning_rate': [0.01, 0.1, 0.3], 'max_depth': [3, 5, 7], 'min_child_weight': [1, 3, 5], 'subsample': [0.6, 0.8, 1.0]}",COMPLETE
158,0.7453121041651827,2025-01-09 18:53:26.208786,2025-01-09 18:53:38.640877,0 days 00:00:12.432091,0.8,0.1,5,3,0.8,158,"{'colsample_bytree': [0.6, 0.8, 1.0], 'learning_rate': [0.01, 0.1, 0.3], 'max_depth': [3, 5, 7], 'min_child_weight': [1, 3, 5], 'subsample': [0.6, 0.8, 1.0]}",COMPLETE
159,0.7506995820106714,2025-01-09 18:53:38.641155,2025-01-09 18:53:52.673318,0 days 00:00:14.032163,1.0,0.3,5,1,1.0,159,"{'colsample_bytree': [0.6, 0.8, 1.0], 'learning_rate': [0.01, 0.1, 0.3], 'max_depth': [3, 5, 7], 'min_child_weight': [1, 3, 5], 'subsample': [0.6, 0.8, 1.0]}",COMPLETE
160,0.7369864136946394,2025-01-09 18:53:52.673639,2025-01-09 18:53:58.783633,0 days 00:00:06.109994,1.0,0.1,3,1,0.6,160,"{'colsample_bytree': [0.6, 0.8, 1.0], 'learning_rate': [0.01, 0.1, 0.3], 'max_depth': [3, 5, 7], 'min_child_weight': [1, 3, 5], 'subsample': [0.6, 0.8, 1.0]}",COMPLETE
161,0.7455927055391602,2025-01-09 18:53:58.783877,2025-01-09 18:54:12.362764,0 days 00:00:13.578887,1.0,0.1,5,5,1.0,161,"{'colsample_bytree': [0.6, 0.8, 1.0], 'learning_rate': [0.01, 0.1, 0.3], 'max_depth': [3, 5, 7], 'min_child_weight': [1, 3, 5], 'subsample': [0.6, 0.8, 1.0]}",COMPLETE
162,0.7482512713831879,2025-01-09 18:54:12.363002,2025-01-09 18:54:25.968555,0 days 00:00:13.605553,1.0,0.1,5,3,0.6,162,"{'colsample_bytree': [0.6, 0.8, 1.0], 'learning_rate': [0.01, 0.1, 0.3], 'max_depth': [3, 5, 7], 'min_child_weight': [1, 3, 5], 'subsample': [0.6, 0.8, 1.0]}",COMPLETE
163,0.734607519108381,2025-01-09 18:54:25.968797,2025-01-09 18:54:32.057192,0 days 00:00:06.088395,1.0,0.1,3,5,0.8,163,"{'colsample_bytree': [0.6, 0.8, 1.0], 'learning_rate': [0.01, 0.1, 0.3], 'max_depth': [3, 5, 7], 'min_child_weight': [1, 3, 5], 'subsample': [0.6, 0.8, 1.0]}",COMPLETE
164,0.6933950245146813,2025-01-09 18:54:32.057439,2025-01-09 18:54:44.399730,0 days 00:00:12.342291,0.8,0.01,5,1,0.8,164,"{'colsample_bytree': [0.6, 0.8, 1.0], 'learning_rate': [0.01, 0.1, 0.3], 'max_depth': [3, 5, 7], 'min_child_weight': [1, 3, 5], 'subsample': [0.6, 0.8, 1.0]}",COMPLETE
165,0.7493004914195556,2025-01-09 18:54:44.399977,2025-01-09 18:55:15.466183,0 days 00:00:31.066206,1.0,0.1,7,1,0.6,165,"{'colsample_bytree': [0.6, 0.8, 1.0], 'learning_rate': [0.01, 0.1, 0.3], 'max_depth': [3, 5, 7], 'min_child_weight': [1, 3, 5], 'subsample': [0.6, 0.8, 1.0]}",COMPLETE
166,0.6940948880078893,2025-01-09 18:55:15.466512,2025-01-09 18:55:26.420127,0 days 00:00:10.953615,0.6,0.01,5,1,1.0,166,"{'colsample_bytree': [0.6, 0.8, 1.0], 'learning_rate': [0.01, 0.1, 0.3], 'max_depth': [3, 5, 7], 'min_child_weight': [1, 3, 5], 'subsample': [0.6, 0.8, 1.0]}",COMPLETE
167,0.7452426146937311,2025-01-09 18:55:26.420374,2025-01-09 18:55:39.289037,0 days 00:00:12.868663,0.8,0.1,5,1,1.0,167,"{'colsample_bytree': [0.6, 0.8, 1.0], 'learning_rate': [0.01, 0.1, 0.3], 'max_depth': [3, 5, 7], 'min_child_weight': [1, 3, 5], 'subsample': [0.6, 0.8, 1.0]}",COMPLETE
168,0.7074588955947003,2025-01-09 18:55:39.289286,2025-01-09 18:56:03.751154,0 days 00:00:24.461868,0.8,0.01,7,3,0.6,168,"{'colsample_bytree': [0.6, 0.8, 1.0], 'learning_rate': [0.01, 0.1, 0.3], 'max_depth': [3, 5, 7], 'min_child_weight': [1, 3, 5], 'subsample': [0.6, 0.8, 1.0]}",COMPLETE
169,0.7300591774199116,2025-01-09 18:56:03.751465,2025-01-09 18:56:09.136593,0 days 00:00:05.385128,0.6,0.1,3,5,1.0,169,"{'colsample_bytree': [0.6, 0.8, 1.0], 'learning_rate': [0.01, 0.1, 0.3], 'max_depth': [3, 5, 7], 'min_child_weight': [1, 3, 5], 'subsample': [0.6, 0.8, 1.0]}",COMPLETE
170,0.7492306837504538,2025-01-09 18:56:09.136840,2025-01-09 18:56:14.366066,0 days 00:00:05.229226,0.6,0.3,3,3,0.6,170,"{'colsample_bytree': [0.6, 0.8, 1.0], 'learning_rate': [0.01, 0.1, 0.3], 'max_depth': [3, 5, 7], 'min_child_weight': [1, 3, 5], 'subsample': [0.6, 0.8, 1.0]}",COMPLETE
171,0.6616987691380588,2025-01-09 18:56:14.366316,2025-01-09 18:56:19.981599,0 days 00:00:05.615283,1.0,0.01,3,5,0.8,171,"{'colsample_bytree': [0.6, 0.8, 1.0], 'learning_rate': [0.01, 0.1, 0.3], 'max_depth': [3, 5, 7], 'min_child_weight': [1, 3, 5], 'subsample': [0.6, 0.8, 1.0]}",COMPLETE
172,0.7497905158008387,2025-01-09 18:56:19.981869,2025-01-09 18:56:31.100981,0 days 00:00:11.119112,0.6,0.3,5,1,1.0,172,"{'colsample_bytree': [0.6, 0.8, 1.0], 'learning_rate': [0.01, 0.1, 0.3], 'max_depth': [3, 5, 7], 'min_child_weight': [1, 3, 5], 'subsample': [0.6, 0.8, 1.0]}",COMPLETE
173,0.6672261560426591,2025-01-09 18:56:31.101225,2025-01-09 18:56:35.979689,0 days 00:00:04.878464,0.6,0.01,3,1,0.8,173,"{'colsample_bytree': [0.6, 0.8, 1.0], 'learning_rate': [0.01, 0.1, 0.3], 'max_depth': [3, 5, 7], 'min_child_weight': [1, 3, 5], 'subsample': [0.6, 0.8, 1.0]}",COMPLETE
174,0.747830907810553,2025-01-09 18:56:35.979929,2025-01-09 18:56:48.231681,0 days 00:00:12.251752,0.8,0.1,5,3,0.6,174,"{'colsample_bytree': [0.6, 0.8, 1.0], 'learning_rate': [0.01, 0.1, 0.3], 'max_depth': [3, 5, 7], 'min_child_weight': [1, 3, 5], 'subsample': [0.6, 0.8, 1.0]}",COMPLETE
175,0.7506297988183117,2025-01-09 18:56:48.231921,2025-01-09 18:57:02.307676,0 days 00:00:14.075755,1.0,0.1,5,1,0.6,175,"{'colsample_bytree': [0.6, 0.8, 1.0], 'learning_rate': [0.01, 0.1, 0.3], 'max_depth': [3, 5, 7], 'min_child_weight': [1, 3, 5], 'subsample': [0.6, 0.8, 1.0]}",COMPLETE
176,0.7500002814825366,2025-01-09 18:57:02.307922,2025-01-09 18:57:13.036337,0 days 00:00:10.728415,0.6,0.1,5,5,0.6,176,"{'colsample_bytree': [0.6, 0.8, 1.0], 'learning_rate': [0.01, 0.1, 0.3], 'max_depth': [3, 5, 7], 'min_child_weight': [1, 3, 5], 'subsample': [0.6, 0.8, 1.0]}",COMPLETE
177,0.7066196615307119,2025-01-09 18:57:13.036632,2025-01-09 18:57:35.339947,0 days 00:00:22.303315,0.8,0.01,7,5,0.6,177,"{'colsample_bytree': [0.6, 0.8, 1.0], 'learning_rate': [0.01, 0.1, 0.3], 'max_depth': [3, 5, 7], 'min_child_weight': [1, 3, 5], 'subsample': [0.6, 0.8, 1.0]}",COMPLETE
178,0.7492307571806807,2025-01-09 18:57:35.340224,2025-01-09 18:57:56.744796,0 days 00:00:21.404572,0.8,0.1,7,5,0.6,178,"{'colsample_bytree': [0.6, 0.8, 1.0], 'learning_rate': [0.01, 0.1, 0.3], 'max_depth': [3, 5, 7], 'min_child_weight': [1, 3, 5], 'subsample': [0.6, 0.8, 1.0]}",COMPLETE
179,0.7494405228623788,2025-01-09 18:57:56.745044,2025-01-09 18:58:22.866247,0 days 00:00:26.121203,1.0,0.1,7,3,0.6,179,"{'colsample_bytree': [0.6, 0.8, 1.0], 'learning_rate': [0.01, 0.1, 0.3], 'max_depth': [3, 5, 7], 'min_child_weight': [1, 3, 5], 'subsample': [0.6, 0.8, 1.0]}",COMPLETE
180,0.6938850244192218,2025-01-09 18:58:22.866521,2025-01-09 18:58:33.591393,0 days 00:00:10.724872,0.6,0.01,5,5,1.0,180,"{'colsample_bytree': [0.6, 0.8, 1.0], 'learning_rate': [0.01, 0.1, 0.3], 'max_depth': [3, 5, 7], 'min_child_weight': [1, 3, 5], 'subsample': [0.6, 0.8, 1.0]}",COMPLETE
181,0.7451022650532577,2025-01-09 18:58:33.591633,2025-01-09 18:58:44.980497,0 days 00:00:11.388864,0.6,0.1,5,1,1.0,181,"{'colsample_bytree': [0.6, 0.8, 1.0], 'learning_rate': [0.01, 0.1, 0.3], 'max_depth': [3, 5, 7], 'min_child_weight': [1, 3, 5], 'subsample': [0.6, 0.8, 1.0]}",COMPLETE
182,0.7485305999665648,2025-01-09 18:58:44.980757,2025-01-09 18:59:07.731241,0 days 00:00:22.750484,0.8,0.1,7,5,0.8,182,"{'colsample_bytree': [0.6, 0.8, 1.0], 'learning_rate': [0.01, 0.1, 0.3], 'max_depth': [3, 5, 7], 'min_child_weight': [1, 3, 5], 'subsample': [0.6, 0.8, 1.0]}",COMPLETE
183,0.7458021040697236,2025-01-09 18:59:07.731556,2025-01-09 18:59:28.649556,0 days 00:00:20.918000,0.6,0.1,7,5,1.0,183,"{'colsample_bytree': [0.6, 0.8, 1.0], 'learning_rate': [0.01, 0.1, 0.3], 'max_depth': [3, 5, 7], 'min_child_weight': [1, 3, 5], 'subsample': [0.6, 0.8, 1.0]}",COMPLETE
184,0.6583400705566573,2025-01-09 18:59:28.649817,2025-01-09 18:59:34.241638,0 days 00:00:05.591821,1.0,0.01,3,1,1.0,184,"{'colsample_bytree': [0.6, 0.8, 1.0], 'learning_rate': [0.01, 0.1, 0.3], 'max_depth': [3, 5, 7], 'min_child_weight': [1, 3, 5], 'subsample': [0.6, 0.8, 1.0]}",COMPLETE
185,0.7034710957821433,2025-01-09 18:59:34.241880,2025-01-09 18:59:58.625653,0 days 00:00:24.383773,1.0,0.01,7,5,0.6,185,"{'colsample_bytree': [0.6, 0.8, 1.0], 'learning_rate': [0.01, 0.1, 0.3], 'max_depth': [3, 5, 7], 'min_child_weight': [1, 3, 5], 'subsample': [0.6, 0.8, 1.0]}",COMPLETE
186,0.7413235945270984,2025-01-09 18:59:58.625898,2025-01-09 19:00:28.041472,0 days 00:00:29.415574,0.8,0.1,7,1,1.0,186,"{'colsample_bytree': [0.6, 0.8, 1.0], 'learning_rate': [0.01, 0.1, 0.3], 'max_depth': [3, 5, 7], 'min_child_weight': [1, 3, 5], 'subsample': [0.6, 0.8, 1.0]}",COMPLETE
187,0.7337677710328036,2025-01-09 19:00:28.041826,2025-01-09 19:00:33.256700,0 days 00:00:05.214874,0.6,0.1,3,5,0.8,187,"{'colsample_bytree': [0.6, 0.8, 1.0], 'learning_rate': [0.01, 0.1, 0.3], 'max_depth': [3, 5, 7], 'min_child_weight': [1, 3, 5], 'subsample': [0.6, 0.8, 1.0]}",COMPLETE
188,0.7334177536176014,2025-01-09 19:00:33.256949,2025-01-09 19:00:38.486409,0 days 00:00:05.229460,0.6,0.1,3,1,0.8,188,"{'colsample_bytree': [0.6, 0.8, 1.0], 'learning_rate': [0.01, 0.1, 0.3], 'max_depth': [3, 5, 7], 'min_child_weight': [1, 3, 5], 'subsample': [0.6, 0.8, 1.0]}",COMPLETE
189,0.7057799868853614,2025-01-09 19:00:38.486657,2025-01-09 19:01:05.397893,0 days 00:00:26.911236,1.0,0.01,7,3,0.6,189,"{'colsample_bytree': [0.6, 0.8, 1.0], 'learning_rate': [0.01, 0.1, 0.3], 'max_depth': [3, 5, 7], 'min_child_weight': [1, 3, 5], 'subsample': [0.6, 0.8, 1.0]}",COMPLETE
190,0.7362166446253603,2025-01-09 19:01:05.398156,2025-01-09 19:01:11.054500,0 days 00:00:05.656344,0.8,0.1,3,5,0.6,190,"{'colsample_bytree': [0.6, 0.8, 1.0], 'learning_rate': [0.01, 0.1, 0.3], 'max_depth': [3, 5, 7], 'min_child_weight': [1, 3, 5], 'subsample': [0.6, 0.8, 1.0]}",COMPLETE
191,0.6623984368173284,2025-01-09 19:01:11.054742,2025-01-09 19:01:16.680401,0 days 00:00:05.625659,1.0,0.01,3,1,0.8,191,"{'colsample_bytree': [0.6, 0.8, 1.0], 'learning_rate': [0.01, 0.1, 0.3], 'max_depth': [3, 5, 7], 'min_child_weight': [1, 3, 5], 'subsample': [0.6, 0.8, 1.0]}",COMPLETE
192,0.7505596729515597,2025-01-09 19:01:16.680645,2025-01-09 19:01:27.821776,0 days 00:00:11.141131,0.8,0.3,5,5,0.8,192,"{'colsample_bytree': [0.6, 0.8, 1.0], 'learning_rate': [0.01, 0.1, 0.3], 'max_depth': [3, 5, 7], 'min_child_weight': [1, 3, 5], 'subsample': [0.6, 0.8, 1.0]}",COMPLETE
193,0.7331379354993782,2025-01-09 19:01:27.822031,2025-01-09 19:01:33.023152,0 days 00:00:05.201121,0.6,0.1,3,3,0.8,193,"{'colsample_bytree': [0.6, 0.8, 1.0], 'learning_rate': [0.01, 0.1, 0.3], 'max_depth': [3, 5, 7], 'min_child_weight': [1, 3, 5], 'subsample': [0.6, 0.8, 1.0]}",COMPLETE
194,0.7478316665895649,2025-01-09 19:01:33.023395,2025-01-09 19:01:47.202035,0 days 00:00:14.178640,1.0,0.1,5,1,0.8,194,"{'colsample_bytree': [0.6, 0.8, 1.0], 'learning_rate': [0.01, 0.1, 0.3], 'max_depth': [3, 5, 7], 'min_child_weight': [1, 3, 5], 'subsample': [0.6, 0.8, 1.0]}",COMPLETE
195,0.7475514078899799,2025-01-09 19:01:47.202285,2025-01-09 19:02:16.070692,0 days 00:00:28.868407,0.8,0.1,7,1,0.8,195,"{'colsample_bytree': [0.6, 0.8, 1.0], 'learning_rate': [0.01, 0.1, 0.3], 'max_depth': [3, 5, 7], 'min_child_weight': [1, 3, 5], 'subsample': [0.6, 0.8, 1.0]}",COMPLETE
196,0.6956343527162208,2025-01-09 19:02:16.071001,2025-01-09 19:02:47.820550,0 days 00:00:31.749549,1.0,0.01,7,3,1.0,196,"{'colsample_bytree': [0.6, 0.8, 1.0], 'learning_rate': [0.01, 0.1, 0.3], 'max_depth': [3, 5, 7], 'min_child_weight': [1, 3, 5], 'subsample': [0.6, 0.8, 1.0]}",COMPLETE
197,0.7434233808206611,2025-01-09 19:02:47.820823,2025-01-09 19:03:13.960544,0 days 00:00:26.139721,1.0,0.1,7,5,1.0,197,"{'colsample_bytree': [0.6, 0.8, 1.0], 'learning_rate': [0.01, 0.1, 0.3], 'max_depth': [3, 5, 7], 'min_child_weight': [1, 3, 5], 'subsample': [0.6, 0.8, 1.0]}",COMPLETE
198,0.7462217578168312,2025-01-09 19:03:13.960812,2025-01-09 19:03:27.588375,0 days 00:00:13.627563,1.0,0.3,5,1,0.6,198,"{'colsample_bytree': [0.6, 0.8, 1.0], 'learning_rate': [0.01, 0.1, 0.3], 'max_depth': [3, 5, 7], 'min_child_weight': [1, 3, 5], 'subsample': [0.6, 0.8, 1.0]}",COMPLETE
199,0.7305489815105137,2025-01-09 19:03:27.588689,2025-01-09 19:03:32.813406,0 days 00:00:05.224717,0.6,0.1,3,3,1.0,199,"{'colsample_bytree': [0.6, 0.8, 1.0], 'learning_rate': [0.01, 0.1, 0.3], 'max_depth': [3, 5, 7], 'min_child_weight': [1, 3, 5], 'subsample': [0.6, 0.8, 1.0]}",COMPLETE
200,0.658480053045996,2025-01-09 19:03:32.813653,2025-01-09 19:03:38.421255,0 days 00:00:05.607602,1.0,0.01,3,3,1.0,200,"{'colsample_bytree': [0.6, 0.8, 1.0], 'learning_rate': [0.01, 0.1, 0.3], 'max_depth': [3, 5, 7], 'min_child_weight': [1, 3, 5], 'subsample': [0.6, 0.8, 1.0]}",COMPLETE
201,0.7529392773633458,2025-01-09 19:03:38.421497,2025-01-09 19:03:44.001987,0 days 00:00:05.580490,0.8,0.3,3,5,0.8,201,"{'colsample_bytree': [0.6, 0.8, 1.0], 'learning_rate': [0.01, 0.1, 0.3], 'max_depth': [3, 5, 7], 'min_child_weight': [1, 3, 5], 'subsample': [0.6, 0.8, 1.0]}",COMPLETE
202,0.7438431814282229,2025-01-09 19:03:44.002232,2025-01-09 19:03:57.871181,0 days 00:00:13.868949,1.0,0.1,5,3,1.0,202,"{'colsample_bytree': [0.6, 0.8, 1.0], 'learning_rate': [0.01, 0.1, 0.3], 'max_depth': [3, 5, 7], 'min_child_weight': [1, 3, 5], 'subsample': [0.6, 0.8, 1.0]}",COMPLETE
203,0.7453120307349558,2025-01-09 19:03:57.871498,2025-01-09 19:04:09.434130,0 days 00:00:11.562632,0.8,0.3,5,3,0.6,203,"{'colsample_bytree': [0.6, 0.8, 1.0], 'learning_rate': [0.01, 0.1, 0.3], 'max_depth': [3, 5, 7], 'min_child_weight': [1, 3, 5], 'subsample': [0.6, 0.8, 1.0]}",COMPLETE
204,0.7308291423031293,2025-01-09 19:04:09.434376,2025-01-09 19:04:14.644419,0 days 00:00:05.210043,0.6,0.1,3,1,1.0,204,"{'colsample_bytree': [0.6, 0.8, 1.0], 'learning_rate': [0.01, 0.1, 0.3], 'max_depth': [3, 5, 7], 'min_child_weight': [1, 3, 5], 'subsample': [0.6, 0.8, 1.0]}",COMPLETE
205,0.6914359550127267,2025-01-09 19:04:14.644670,2025-01-09 19:04:27.456583,0 days 00:00:12.811913,1.0,0.01,5,5,0.6,205,"{'colsample_bytree': [0.6, 0.8, 1.0], 'learning_rate': [0.01, 0.1, 0.3], 'max_depth': [3, 5, 7], 'min_child_weight': [1, 3, 5], 'subsample': [0.6, 0.8, 1.0]}",COMPLETE
206,0.7077388850501197,2025-01-09 19:04:27.456842,2025-01-09 19:04:55.251504,0 days 00:00:27.794662,0.8,0.01,7,1,0.6,206,"{'colsample_bytree': [0.6, 0.8, 1.0], 'learning_rate': [0.01, 0.1, 0.3], 'max_depth': [3, 5, 7], 'min_child_weight': [1, 3, 5], 'subsample': [0.6, 0.8, 1.0]}",COMPLETE
207,0.6632375729743477,2025-01-09 19:04:55.251745,2025-01-09 19:05:00.494952,0 days 00:00:05.243207,0.8,0.01,3,1,0.8,207,"{'colsample_bytree': [0.6, 0.8, 1.0], 'learning_rate': [0.01, 0.1, 0.3], 'max_depth': [3, 5, 7], 'min_child_weight': [1, 3, 5], 'subsample': [0.6, 0.8, 1.0]}",COMPLETE
208,0.749720267550375,2025-01-09 19:05:00.495198,2025-01-09 19:05:22.103908,0 days 00:00:21.608710,1.0,0.3,7,3,1.0,208,"{'colsample_bytree': [0.6, 0.8, 1.0], 'learning_rate': [0.01, 0.1, 0.3], 'max_depth': [3, 5, 7], 'min_child_weight': [1, 3, 5], 'subsample': [0.6, 0.8, 1.0]}",COMPLETE
209,0.6900365951774454,2025-01-09 19:05:22.104186,2025-01-09 19:05:35.490470,0 days 00:00:13.386284,1.0,0.01,5,3,0.8,209,"{'colsample_bytree': [0.6, 0.8, 1.0], 'learning_rate': [0.01, 0.1, 0.3], 'max_depth': [3, 5, 7], 'min_child_weight': [1, 3, 5], 'subsample': [0.6, 0.8, 1.0]}",COMPLETE
210,0.7502099492572655,2025-01-09 19:05:35.490722,2025-01-09 19:05:51.595707,0 days 00:00:16.104985,0.6,0.3,7,5,0.8,210,"{'colsample_bytree': [0.6, 0.8, 1.0], 'learning_rate': [0.01, 0.1, 0.3], 'max_depth': [3, 5, 7], 'min_child_weight': [1, 3, 5], 'subsample': [0.6, 0.8, 1.0]}",COMPLETE
211,0.7309691492692101,2025-01-09 19:05:51.595997,2025-01-09 19:05:57.625273,0 days 00:00:06.029276,1.0,0.1,3,5,1.0,211,"{'colsample_bytree': [0.6, 0.8, 1.0], 'learning_rate': [0.01, 0.1, 0.3], 'max_depth': [3, 5, 7], 'min_child_weight': [1, 3, 5], 'subsample': [0.6, 0.8, 1.0]}",COMPLETE
212,0.74783098124078,2025-01-09 19:05:57.625514,2025-01-09 19:06:29.857544,0 days 00:00:32.232030,1.0,0.1,7,1,0.8,212,"{'colsample_bytree': [0.6, 0.8, 1.0], 'learning_rate': [0.01, 0.1, 0.3], 'max_depth': [3, 5, 7], 'min_child_weight': [1, 3, 5], 'subsample': [0.6, 0.8, 1.0]}",COMPLETE
213,0.7342575261699209,2025-01-09 19:06:29.857914,2025-01-09 19:06:35.504451,0 days 00:00:05.646537,0.8,0.1,3,5,0.8,213,"{'colsample_bytree': [0.6, 0.8, 1.0], 'learning_rate': [0.01, 0.1, 0.3], 'max_depth': [3, 5, 7], 'min_child_weight': [1, 3, 5], 'subsample': [0.6, 0.8, 1.0]}",COMPLETE
214,0.7488105404684996,2025-01-09 19:06:35.504697,2025-01-09 19:06:47.195023,0 days 00:00:11.690326,0.8,0.3,5,3,0.8,214,"{'colsample_bytree': [0.6, 0.8, 1.0], 'learning_rate': [0.01, 0.1, 0.3], 'max_depth': [3, 5, 7], 'min_child_weight': [1, 3, 5], 'subsample': [0.6, 0.8, 1.0]}",COMPLETE
215,0.7503504212814505,2025-01-09 19:06:47.195263,2025-01-09 19:07:12.568240,0 days 00:00:25.372977,1.0,0.3,7,1,0.8,215,"{'colsample_bytree': [0.6, 0.8, 1.0], 'learning_rate': [0.01, 0.1, 0.3], 'max_depth': [3, 5, 7], 'min_child_weight': [1, 3, 5], 'subsample': [0.6, 0.8, 1.0]}",COMPLETE
216,0.7464317927426949,2025-01-09 19:07:12.568485,2025-01-09 19:07:32.770923,0 days 00:00:20.202438,0.6,0.3,7,1,0.6,216,"{'colsample_bytree': [0.6, 0.8, 1.0], 'learning_rate': [0.01, 0.1, 0.3], 'max_depth': [3, 5, 7], 'min_child_weight': [1, 3, 5], 'subsample': [0.6, 0.8, 1.0]}",COMPLETE
217,0.7495098654733765,2025-01-09 19:07:32.771209,2025-01-09 19:07:51.047849,0 days 00:00:18.276640,0.6,0.3,7,3,1.0,217,"{'colsample_bytree': [0.6, 0.8, 1.0], 'learning_rate': [0.01, 0.1, 0.3], 'max_depth': [3, 5, 7], 'min_child_weight': [1, 3, 5], 'subsample': [0.6, 0.8, 1.0]}",COMPLETE
218,0.7075291927986487,2025-01-09 19:07:51.048163,2025-01-09 19:08:13.354892,0 days 00:00:22.306729,0.6,0.01,7,5,0.8,218,"{'colsample_bytree': [0.6, 0.8, 1.0], 'learning_rate': [0.01, 0.1, 0.3], 'max_depth': [3, 5, 7], 'min_child_weight': [1, 3, 5], 'subsample': [0.6, 0.8, 1.0]}",COMPLETE
219,0.6643574084123136,2025-01-09 19:08:13.355149,2025-01-09 19:08:19.375131,0 days 00:00:06.019982,1.0,0.01,3,3,0.6,219,"{'colsample_bytree': [0.6, 0.8, 1.0], 'learning_rate': [0.01, 0.1, 0.3], 'max_depth': [3, 5, 7], 'min_child_weight': [1, 3, 5], 'subsample': [0.6, 0.8, 1.0]}",COMPLETE
220,0.6673661140552553,2025-01-09 19:08:19.375387,2025-01-09 19:08:24.988007,0 days 00:00:05.612620,0.8,0.01,3,1,0.6,220,"{'colsample_bytree': [0.6, 0.8, 1.0], 'learning_rate': [0.01, 0.1, 0.3], 'max_depth': [3, 5, 7], 'min_child_weight': [1, 3, 5], 'subsample': [0.6, 0.8, 1.0]}",COMPLETE
221,0.7430732165450049,2025-01-09 19:08:24.988262,2025-01-09 19:08:38.249336,0 days 00:00:13.261074,1.0,0.3,5,3,0.6,221,"{'colsample_bytree': [0.6, 0.8, 1.0], 'learning_rate': [0.01, 0.1, 0.3], 'max_depth': [3, 5, 7], 'min_child_weight': [1, 3, 5], 'subsample': [0.6, 0.8, 1.0]}",COMPLETE
222,0.6919256367196173,2025-01-09 19:08:38.249585,2025-01-09 19:08:51.870713,0 days 00:00:13.621128,1.0,0.01,5,3,0.6,222,"{'colsample_bytree': [0.6, 0.8, 1.0], 'learning_rate': [0.01, 0.1, 0.3], 'max_depth': [3, 5, 7], 'min_child_weight': [1, 3, 5], 'subsample': [0.6, 0.8, 1.0]}",COMPLETE
223,0.750280638089091,2025-01-09 19:08:51.870964,2025-01-09 19:09:04.507788,0 days 00:00:12.636824,1.0,0.3,5,5,0.6,223,"{'colsample_bytree': [0.6, 0.8, 1.0], 'learning_rate': [0.01, 0.1, 0.3], 'max_depth': [3, 5, 7], 'min_child_weight': [1, 3, 5], 'subsample': [0.6, 0.8, 1.0]}",COMPLETE
224,0.7476914882862878,2025-01-09 19:09:04.508026,2025-01-09 19:09:16.367997,0 days 00:00:11.859971,0.6,0.1,5,3,0.6,224,"{'colsample_bytree': [0.6, 0.8, 1.0], 'learning_rate': [0.01, 0.1, 0.3], 'max_depth': [3, 5, 7], 'min_child_weight': [1, 3, 5], 'subsample': [0.6, 0.8, 1.0]}",COMPLETE
225,0.734677351254225,2025-01-09 19:09:16.368263,2025-01-09 19:09:22.829008,0 days 00:00:06.460745,1.0,0.1,3,3,0.8,225,"{'colsample_bytree': [0.6, 0.8, 1.0], 'learning_rate': [0.01, 0.1, 0.3], 'max_depth': [3, 5, 7], 'min_child_weight': [1, 3, 5], 'subsample': [0.6, 0.8, 1.0]}",COMPLETE
226,0.753358661866288,2025-01-09 19:09:22.829290,2025-01-09 19:09:28.336665,0 days 00:00:05.507375,0.6,0.3,3,3,0.8,226,"{'colsample_bytree': [0.6, 0.8, 1.0], 'learning_rate': [0.01, 0.1, 0.3], 'max_depth': [3, 5, 7], 'min_child_weight': [1, 3, 5], 'subsample': [0.6, 0.8, 1.0]}",COMPLETE
227,0.7531491654287554,2025-01-09 19:09:28.336908,2025-01-09 19:09:34.202629,0 days 00:00:05.865721,0.8,0.3,3,3,1.0,227,"{'colsample_bytree': [0.6, 0.8, 1.0], 'learning_rate': [0.01, 0.1, 0.3], 'max_depth': [3, 5, 7], 'min_child_weight': [1, 3, 5], 'subsample': [0.6, 0.8, 1.0]}",COMPLETE
228,0.6634475589467266,2025-01-09 19:09:34.202873,2025-01-09 19:09:39.766672,0 days 00:00:05.563799,0.8,0.01,3,5,0.8,228,"{'colsample_bytree': [0.6, 0.8, 1.0], 'learning_rate': [0.01, 0.1, 0.3], 'max_depth': [3, 5, 7], 'min_child_weight': [1, 3, 5], 'subsample': [0.6, 0.8, 1.0]}",COMPLETE
229,0.7506299456787657,2025-01-09 19:09:39.766915,2025-01-09 19:09:46.180025,0 days 00:00:06.413110,1.0,0.3,3,1,0.6,229,"{'colsample_bytree': [0.6, 0.8, 1.0], 'learning_rate': [0.01, 0.1, 0.3], 'max_depth': [3, 5, 7], 'min_child_weight': [1, 3, 5], 'subsample': [0.6, 0.8, 1.0]}",COMPLETE
230,0.7502801240775021,2025-01-09 19:09:46.180277,2025-01-09 19:09:56.869194,0 days 00:00:10.688917,0.6,0.3,5,5,0.8,230,"{'colsample_bytree': [0.6, 0.8, 1.0], 'learning_rate': [0.01, 0.1, 0.3], 'max_depth': [3, 5, 7], 'min_child_weight': [1, 3, 5], 'subsample': [0.6, 0.8, 1.0]}",COMPLETE
231,0.6672261315659167,2025-01-09 19:09:56.869443,2025-01-09 19:10:02.419559,0 days 00:00:05.550116,0.8,0.01,3,5,0.6,231,"{'colsample_bytree': [0.6, 0.8, 1.0], 'learning_rate': [0.01, 0.1, 0.3], 'max_depth': [3, 5, 7], 'min_child_weight': [1, 3, 5], 'subsample': [0.6, 0.8, 1.0]}",COMPLETE
232,0.7458025936045699,2025-01-09 19:10:02.419798,2025-01-09 19:10:14.148029,0 days 00:00:11.728231,0.6,0.1,5,1,0.6,232,"{'colsample_bytree': [0.6, 0.8, 1.0], 'learning_rate': [0.01, 0.1, 0.3], 'max_depth': [3, 5, 7], 'min_child_weight': [1, 3, 5], 'subsample': [0.6, 0.8, 1.0]}",COMPLETE
233,0.7068294761658945,2025-01-09 19:10:14.148331,2025-01-09 19:10:36.797160,0 days 00:00:22.648829,0.6,0.01,7,3,0.6,233,"{'colsample_bytree': [0.6, 0.8, 1.0], 'learning_rate': [0.01, 0.1, 0.3], 'max_depth': [3, 5, 7], 'min_child_weight': [1, 3, 5], 'subsample': [0.6, 0.8, 1.0]}",COMPLETE
234,0.7480408693061895,2025-01-09 19:10:36.797436,2025-01-09 19:11:05.120075,0 days 00:00:28.322639,1.0,0.1,7,3,0.8,234,"{'colsample_bytree': [0.6, 0.8, 1.0], 'learning_rate': [0.01, 0.1, 0.3], 'max_depth': [3, 5, 7], 'min_child_weight': [1, 3, 5], 'subsample': [0.6, 0.8, 1.0]}",COMPLETE
235,0.6938150209361815,2025-01-09 19:11:05.120319,2025-01-09 19:11:16.296339,0 days 00:00:11.176020,0.6,0.01,5,1,0.6,235,"{'colsample_bytree': [0.6, 0.8, 1.0], 'learning_rate': [0.01, 0.1, 0.3], 'max_depth': [3, 5, 7], 'min_child_weight': [1, 3, 5], 'subsample': [0.6, 0.8, 1.0]}",COMPLETE
236,0.707249252296714,2025-01-09 19:11:16.296671,2025-01-09 19:11:43.393973,0 days 00:00:27.097302,0.8,0.01,7,3,0.8,236,"{'colsample_bytree': [0.6, 0.8, 1.0], 'learning_rate': [0.01, 0.1, 0.3], 'max_depth': [3, 5, 7], 'min_child_weight': [1, 3, 5], 'subsample': [0.6, 0.8, 1.0]}",COMPLETE
237,0.73971500749845,2025-01-09 19:11:43.394291,2025-01-09 19:11:49.779934,0 days 00:00:06.385643,1.0,0.1,3,5,0.6,237,"{'colsample_bytree': [0.6, 0.8, 1.0], 'learning_rate': [0.01, 0.1, 0.3], 'max_depth': [3, 5, 7], 'min_child_weight': [1, 3, 5], 'subsample': [0.6, 0.8, 1.0]}",COMPLETE
238,0.751119676339141,2025-01-09 19:11:49.780186,2025-01-09 19:12:00.640668,0 days 00:00:10.860482,0.6,0.3,5,3,0.8,238,"{'colsample_bytree': [0.6, 0.8, 1.0], 'learning_rate': [0.01, 0.1, 0.3], 'max_depth': [3, 5, 7], 'min_child_weight': [1, 3, 5], 'subsample': [0.6, 0.8, 1.0]}",COMPLETE
239,0.7381056616907897,2025-01-09 19:12:00.640912,2025-01-09 19:12:07.027641,0 days 00:00:06.386729,1.0,0.1,3,3,0.6,239,"{'colsample_bytree': [0.6, 0.8, 1.0], 'learning_rate': [0.01, 0.1, 0.3], 'max_depth': [3, 5, 7], 'min_child_weight': [1, 3, 5], 'subsample': [0.6, 0.8, 1.0]}",COMPLETE
240,0.7492302186923496,2025-01-09 19:12:07.027880,2025-01-09 19:12:20.117886,0 days 00:00:13.090006,0.8,0.1,5,1,0.6,240,"{'colsample_bytree': [0.6, 0.8, 1.0], 'learning_rate': [0.01, 0.1, 0.3], 'max_depth': [3, 5, 7], 'min_child_weight': [1, 3, 5], 'subsample': [0.6, 0.8, 1.0]}",COMPLETE
241,0.74181381472232,2025-01-09 19:12:20.118138,2025-01-09 19:12:46.509391,0 days 00:00:26.391253,0.6,0.1,7,1,1.0,241,"{'colsample_bytree': [0.6, 0.8, 1.0], 'learning_rate': [0.01, 0.1, 0.3], 'max_depth': [3, 5, 7], 'min_child_weight': [1, 3, 5], 'subsample': [0.6, 0.8, 1.0]}",COMPLETE
242,0.6907361894264878,2025-01-09 19:12:46.509654,2025-01-09 19:13:00.565801,0 days 00:00:14.056147,1.0,0.01,5,1,0.8,242,"{'colsample_bytree': [0.6, 0.8, 1.0], 'learning_rate': [0.01, 0.1, 0.3], 'max_depth': [3, 5, 7], 'min_child_weight': [1, 3, 5], 'subsample': [0.6, 0.8, 1.0]}",COMPLETE
